# id	hook	variant	return	logs	boosts
noguard	onAnyAccuracy	0	83	<empty>	evasion:2,spe:1
noguard	onAnyAccuracy	1	true	<empty>	evasion:2,spe:1
noguard	onAnyAccuracy	2	83	<empty>	evasion:2,spe:1
noguard	onAnyAccuracy	3	true	<empty>	evasion:2,spe:1
noguard	onAnyAccuracy	4	83	<empty>	evasion:2,spe:1
noguard	onAnyAccuracy	5	true	<empty>	evasion:2,spe:1
noguard	onAnyAccuracy	6	83	<empty>	evasion:2,spe:1
noguard	onAnyAccuracy	7	true	<empty>	evasion:2,spe:1
noguard	onAnyAccuracy	8	true	<empty>	evasion:2,spe:1
noguard	onAnyAccuracy	9	true	<empty>	evasion:2,spe:1
noguard	onAnyAccuracy	10	83	<empty>	evasion:2,spe:1
noguard	onAnyAccuracy	11	true	<empty>	evasion:2,spe:1
noguard	onAnyInvulnerability	0	undefined	<empty>	evasion:2,spe:1
noguard	onAnyInvulnerability	1	undefined	<empty>	evasion:2,spe:1
noguard	onAnyInvulnerability	2	undefined	<empty>	evasion:2,spe:1
noguard	onAnyInvulnerability	3	undefined	<empty>	evasion:2,spe:1
noguard	onAnyInvulnerability	4	undefined	<empty>	evasion:2,spe:1
noguard	onAnyInvulnerability	5	undefined	<empty>	evasion:2,spe:1
noguard	onAnyInvulnerability	6	undefined	<empty>	evasion:2,spe:1
noguard	onAnyInvulnerability	7	undefined	<empty>	evasion:2,spe:1
noguard	onAnyInvulnerability	8	0	<empty>	evasion:2,spe:1
noguard	onAnyInvulnerability	9	undefined	<empty>	evasion:2,spe:1
noguard	onAnyInvulnerability	10	undefined	<empty>	evasion:2,spe:1
noguard	onAnyInvulnerability	11	undefined	<empty>	evasion:2,spe:1
pressure	onDeductPP	0	undefined	<empty>	evasion:2,spe:1
pressure	onDeductPP	1	1	<empty>	evasion:2,spe:1
pressure	onDeductPP	2	undefined	<empty>	evasion:2,spe:1
pressure	onDeductPP	3	1	<empty>	evasion:2,spe:1
pressure	onDeductPP	4	undefined	<empty>	evasion:2,spe:1
pressure	onDeductPP	5	undefined	<empty>	evasion:2,spe:1
pressure	onDeductPP	6	1	<empty>	evasion:2,spe:1
pressure	onDeductPP	7	1	<empty>	evasion:2,spe:1
pressure	onDeductPP	8	1	<empty>	evasion:2,spe:1
pressure	onDeductPP	9	1	<empty>	evasion:2,spe:1
pressure	onDeductPP	10	1	<empty>	evasion:2,spe:1
pressure	onDeductPP	11	undefined	<empty>	evasion:2,spe:1
unaware	onAnyModifyBoost	0	undefined	<empty>	evasion:2,spe:1
unaware	onAnyModifyBoost	1	undefined	<empty>	evasion:2,spe:1,atk:0,def:0,spa:0,accuracy:0
unaware	onAnyModifyBoost	2	undefined	<empty>	evasion:2,spe:1
unaware	onAnyModifyBoost	3	undefined	<empty>	evasion:2,spe:1
unaware	onAnyModifyBoost	4	undefined	<empty>	evasion:2,spe:1
unaware	onAnyModifyBoost	5	undefined	<empty>	evasion:2,spe:1,atk:0,def:0,spa:0,accuracy:0
unaware	onAnyModifyBoost	6	undefined	<empty>	evasion:2,spe:1
unaware	onAnyModifyBoost	7	undefined	<empty>	evasion:2,spe:1,atk:0,def:0,spa:0,accuracy:0
unaware	onAnyModifyBoost	8	undefined	<empty>	evasion:2,spe:1
unaware	onAnyModifyBoost	9	undefined	<empty>	evasion:2,spe:1
unaware	onAnyModifyBoost	10	undefined	<empty>	evasion:2,spe:1
unaware	onAnyModifyBoost	11	undefined	<empty>	evasion:2,spe:1,atk:0,def:0,spa:0,accuracy:0
magicguard	onDamage	0	false	<empty>	evasion:2,spe:1
magicguard	onDamage	1	undefined	<empty>	evasion:2,spe:1
magicguard	onDamage	2	false	-activate:6:ability: Rough Skin	evasion:2,spe:1
magicguard	onDamage	3	false	<empty>	evasion:2,spe:1
magicguard	onDamage	4	false	<empty>	evasion:2,spe:1
magicguard	onDamage	5	undefined	<empty>	evasion:2,spe:1
magicguard	onDamage	6	false	-activate:0:ability: Rough Skin	evasion:2,spe:1
magicguard	onDamage	7	false	<empty>	evasion:2,spe:1
magicguard	onDamage	8	false	<empty>	evasion:2,spe:1
magicguard	onDamage	9	undefined	<empty>	evasion:2,spe:1
magicguard	onDamage	10	false	-activate:1:ability: Rough Skin	evasion:2,spe:1
magicguard	onDamage	11	false	<empty>	evasion:2,spe:1
sturdy	onDamage	0	undefined	<empty>	evasion:2,spe:1
sturdy	onDamage	1	119	-ability:6:Sturdy	evasion:2,spe:1
sturdy	onDamage	2	undefined	<empty>	evasion:2,spe:1
sturdy	onDamage	3	undefined	<empty>	evasion:2,spe:1
sturdy	onDamage	4	undefined	<empty>	evasion:2,spe:1
sturdy	onDamage	5	119	-ability:6:Sturdy	evasion:2,spe:1
sturdy	onDamage	6	undefined	<empty>	evasion:2,spe:1
sturdy	onDamage	7	undefined	<empty>	evasion:2,spe:1
sturdy	onDamage	8	undefined	<empty>	evasion:2,spe:1
sturdy	onDamage	9	undefined	<empty>	evasion:2,spe:1
sturdy	onDamage	10	undefined	<empty>	evasion:2,spe:1
sturdy	onDamage	11	undefined	<empty>	evasion:2,spe:1
rockhead	onDamage	0	null	<empty>	evasion:2,spe:1
rockhead	onDamage	1	undefined	<empty>	evasion:2,spe:1
rockhead	onDamage	2	undefined	<empty>	evasion:2,spe:1
rockhead	onDamage	3	undefined	<empty>	evasion:2,spe:1
rockhead	onDamage	4	null	<empty>	evasion:2,spe:1
rockhead	onDamage	5	undefined	<empty>	evasion:2,spe:1
rockhead	onDamage	6	undefined	<empty>	evasion:2,spe:1
rockhead	onDamage	7	undefined	<empty>	evasion:2,spe:1
rockhead	onDamage	8	null	<empty>	evasion:2,spe:1
rockhead	onDamage	9	undefined	<empty>	evasion:2,spe:1
rockhead	onDamage	10	undefined	<empty>	evasion:2,spe:1
rockhead	onDamage	11	undefined	<empty>	evasion:2,spe:1
overcoat	onImmunity	0	undefined	<empty>	evasion:2,spe:1
overcoat	onImmunity	1	false	<empty>	evasion:2,spe:1
overcoat	onImmunity	2	false	<empty>	evasion:2,spe:1
overcoat	onImmunity	3	false	<empty>	evasion:2,spe:1
overcoat	onImmunity	4	undefined	<empty>	evasion:2,spe:1
overcoat	onImmunity	5	undefined	<empty>	evasion:2,spe:1
overcoat	onImmunity	6	undefined	<empty>	evasion:2,spe:1
overcoat	onImmunity	7	false	<empty>	evasion:2,spe:1
overcoat	onImmunity	8	false	<empty>	evasion:2,spe:1
overcoat	onImmunity	9	false	<empty>	evasion:2,spe:1
overcoat	onImmunity	10	undefined	<empty>	evasion:2,spe:1
overcoat	onImmunity	11	undefined	<empty>	evasion:2,spe:1
oblivious	onImmunity	0	false	<empty>	evasion:2,spe:1
oblivious	onImmunity	1	undefined	<empty>	evasion:2,spe:1
oblivious	onImmunity	2	undefined	<empty>	evasion:2,spe:1
oblivious	onImmunity	3	undefined	<empty>	evasion:2,spe:1
oblivious	onImmunity	4	undefined	<empty>	evasion:2,spe:1
oblivious	onImmunity	5	undefined	<empty>	evasion:2,spe:1
oblivious	onImmunity	6	false	<empty>	evasion:2,spe:1
oblivious	onImmunity	7	undefined	<empty>	evasion:2,spe:1
oblivious	onImmunity	8	undefined	<empty>	evasion:2,spe:1
oblivious	onImmunity	9	undefined	<empty>	evasion:2,spe:1
oblivious	onImmunity	10	undefined	<empty>	evasion:2,spe:1
oblivious	onImmunity	11	undefined	<empty>	evasion:2,spe:1
