# id	variant	type	typeBoost	ignoreAbility	ignoreEvasion	immunity
galvanize	0	Fire	none	false	false	true
galvanize	1	Normal	none	false	false	<empty>
galvanize	2	Normal	none	false	false	Fire
galvanize	3	Fire	none	false	false	true
galvanize	4	Electric	galvanize	false	false	<empty>
galvanize	5	Normal	none	false	false	Fire
galvanize	6	Fire	none	false	false	true
galvanize	7	Normal	none	false	false	<empty>
galvanize	8	Electric	galvanize	false	false	Fire
galvanize	9	Fire	none	false	false	true
galvanize	10	Normal	none	false	false	<empty>
galvanize	11	Normal	none	false	false	Fire
pixilate	0	Fire	none	false	false	true
pixilate	1	Normal	none	false	false	<empty>
pixilate	2	Normal	none	false	false	Fire
pixilate	3	Fire	none	false	false	true
pixilate	4	Fairy	pixilate	false	false	<empty>
pixilate	5	Normal	none	false	false	Fire
pixilate	6	Fire	none	false	false	true
pixilate	7	Normal	none	false	false	<empty>
pixilate	8	Fairy	pixilate	false	false	Fire
pixilate	9	Fire	none	false	false	true
pixilate	10	Normal	none	false	false	<empty>
pixilate	11	Normal	none	false	false	Fire
liquidvoice	0	Fire	none	false	false	true
liquidvoice	1	Water	none	false	false	<empty>
liquidvoice	2	Normal	none	false	false	Fire
liquidvoice	3	Water	none	false	false	true
liquidvoice	4	Normal	none	false	false	<empty>
liquidvoice	5	Water	none	false	false	Fire
liquidvoice	6	Fire	none	false	false	true
liquidvoice	7	Water	none	false	false	<empty>
liquidvoice	8	Normal	none	false	false	Fire
liquidvoice	9	Water	none	false	false	true
liquidvoice	10	Normal	none	false	false	<empty>
liquidvoice	11	Water	none	false	false	Fire
keeneye	0	Fire	none	false	true	true
keeneye	1	Normal	none	false	true	<empty>
keeneye	2	Normal	none	false	true	Fire
keeneye	3	Fire	none	false	true	true
keeneye	4	Normal	none	false	true	<empty>
keeneye	5	Normal	none	false	true	Fire
keeneye	6	Fire	none	false	true	true
keeneye	7	Normal	none	false	true	<empty>
keeneye	8	Normal	none	false	true	Fire
keeneye	9	Fire	none	false	true	true
keeneye	10	Normal	none	false	true	<empty>
keeneye	11	Normal	none	false	true	Fire
mindseye	0	Fire	none	false	true	true
mindseye	1	Normal	none	false	true	Fighting,Normal
mindseye	2	Normal	none	false	true	Fire,Fighting,Normal
mindseye	3	Fire	none	false	true	true
mindseye	4	Normal	none	false	true	Fighting,Normal
mindseye	5	Normal	none	false	true	Fire,Fighting,Normal
mindseye	6	Fire	none	false	true	true
mindseye	7	Normal	none	false	true	Fighting,Normal
mindseye	8	Normal	none	false	true	Fire,Fighting,Normal
mindseye	9	Fire	none	false	true	true
mindseye	10	Normal	none	false	true	Fighting,Normal
mindseye	11	Normal	none	false	true	Fire,Fighting,Normal
scrappy	0	Fire	none	false	false	true
scrappy	1	Normal	none	false	false	Fighting,Normal
scrappy	2	Normal	none	false	false	Fire,Fighting,Normal
scrappy	3	Fire	none	false	false	true
scrappy	4	Normal	none	false	false	Fighting,Normal
scrappy	5	Normal	none	false	false	Fire,Fighting,Normal
scrappy	6	Fire	none	false	false	true
scrappy	7	Normal	none	false	false	Fighting,Normal
scrappy	8	Normal	none	false	false	Fire,Fighting,Normal
scrappy	9	Fire	none	false	false	true
scrappy	10	Normal	none	false	false	Fighting,Normal
scrappy	11	Normal	none	false	false	Fire,Fighting,Normal
moldbreaker	0	Fire	none	true	false	true
moldbreaker	1	Normal	none	true	false	<empty>
moldbreaker	2	Normal	none	true	false	Fire
moldbreaker	3	Fire	none	true	false	true
moldbreaker	4	Normal	none	true	false	<empty>
moldbreaker	5	Normal	none	true	false	Fire
moldbreaker	6	Fire	none	true	false	true
moldbreaker	7	Normal	none	true	false	<empty>
moldbreaker	8	Normal	none	true	false	Fire
moldbreaker	9	Fire	none	true	false	true
moldbreaker	10	Normal	none	true	false	<empty>
moldbreaker	11	Normal	none	true	false	Fire
teravolt	0	Fire	none	true	false	true
teravolt	1	Normal	none	true	false	<empty>
teravolt	2	Normal	none	true	false	Fire
teravolt	3	Fire	none	true	false	true
teravolt	4	Normal	none	true	false	<empty>
teravolt	5	Normal	none	true	false	Fire
teravolt	6	Fire	none	true	false	true
teravolt	7	Normal	none	true	false	<empty>
teravolt	8	Normal	none	true	false	Fire
teravolt	9	Fire	none	true	false	true
teravolt	10	Normal	none	true	false	<empty>
teravolt	11	Normal	none	true	false	Fire
turboblaze	0	Fire	none	true	false	true
turboblaze	1	Normal	none	true	false	<empty>
turboblaze	2	Normal	none	true	false	Fire
turboblaze	3	Fire	none	true	false	true
turboblaze	4	Normal	none	true	false	<empty>
turboblaze	5	Normal	none	true	false	Fire
turboblaze	6	Fire	none	true	false	true
turboblaze	7	Normal	none	true	false	<empty>
turboblaze	8	Normal	none	true	false	Fire
turboblaze	9	Fire	none	true	false	true
turboblaze	10	Normal	none	true	false	<empty>
turboblaze	11	Normal	none	true	false	Fire
