disguise	onDamage	Mimikyu	Physical	plain	0	0	1	-activate|m0|ability: Disguise
disguise	onDamage	Mimikyu	Physical	plain	1	0	1	-activate|m0|ability: Disguise
disguise	onDamage	Mimikyu	Physical	sub	0	0	1	-activate|m0|ability: Disguise
disguise	onDamage	Mimikyu	Physical	sub	1	0	1	-activate|m0|ability: Disguise
disguise	onDamage	Mimikyu	Physical	bypass	0	0	1	-activate|m0|ability: Disguise
disguise	onDamage	Mimikyu	Physical	bypass	1	0	1	-activate|m0|ability: Disguise
disguise	onDamage	Mimikyu	Physical	infiltrates	0	0	1	-activate|m0|ability: Disguise
disguise	onDamage	Mimikyu	Physical	infiltrates	1	0	1	-activate|m0|ability: Disguise
disguise	onDamage	Mimikyu	Special	plain	0	0	1	-activate|m0|ability: Disguise
disguise	onDamage	Mimikyu	Special	plain	1	0	1	-activate|m0|ability: Disguise
disguise	onDamage	Mimikyu	Special	sub	0	0	1	-activate|m0|ability: Disguise
disguise	onDamage	Mimikyu	Special	sub	1	0	1	-activate|m0|ability: Disguise
disguise	onDamage	Mimikyu	Special	bypass	0	0	1	-activate|m0|ability: Disguise
disguise	onDamage	Mimikyu	Special	bypass	1	0	1	-activate|m0|ability: Disguise
disguise	onDamage	Mimikyu	Special	infiltrates	0	0	1	-activate|m0|ability: Disguise
disguise	onDamage	Mimikyu	Special	infiltrates	1	0	1	-activate|m0|ability: Disguise
disguise	onDamage	Mimikyu	Status	plain	0	0	1	-activate|m0|ability: Disguise
disguise	onDamage	Mimikyu	Status	plain	1	0	1	-activate|m0|ability: Disguise
disguise	onDamage	Mimikyu	Status	sub	0	0	1	-activate|m0|ability: Disguise
disguise	onDamage	Mimikyu	Status	sub	1	0	1	-activate|m0|ability: Disguise
disguise	onDamage	Mimikyu	Status	bypass	0	0	1	-activate|m0|ability: Disguise
disguise	onDamage	Mimikyu	Status	bypass	1	0	1	-activate|m0|ability: Disguise
disguise	onDamage	Mimikyu	Status	infiltrates	0	0	1	-activate|m0|ability: Disguise
disguise	onDamage	Mimikyu	Status	infiltrates	1	0	1	-activate|m0|ability: Disguise
disguise	onDamage	Mimikyu-Busted	Physical	plain	0	undefined	absent	
disguise	onDamage	Mimikyu-Busted	Physical	plain	1	undefined	absent	
disguise	onDamage	Mimikyu-Busted	Physical	sub	0	undefined	absent	
disguise	onDamage	Mimikyu-Busted	Physical	sub	1	undefined	absent	
disguise	onDamage	Mimikyu-Busted	Physical	bypass	0	undefined	absent	
disguise	onDamage	Mimikyu-Busted	Physical	bypass	1	undefined	absent	
disguise	onDamage	Mimikyu-Busted	Physical	infiltrates	0	undefined	absent	
disguise	onDamage	Mimikyu-Busted	Physical	infiltrates	1	undefined	absent	
disguise	onDamage	Mimikyu-Busted	Special	plain	0	undefined	absent	
disguise	onDamage	Mimikyu-Busted	Special	plain	1	undefined	absent	
disguise	onDamage	Mimikyu-Busted	Special	sub	0	undefined	absent	
disguise	onDamage	Mimikyu-Busted	Special	sub	1	undefined	absent	
disguise	onDamage	Mimikyu-Busted	Special	bypass	0	undefined	absent	
disguise	onDamage	Mimikyu-Busted	Special	bypass	1	undefined	absent	
disguise	onDamage	Mimikyu-Busted	Special	infiltrates	0	undefined	absent	
disguise	onDamage	Mimikyu-Busted	Special	infiltrates	1	undefined	absent	
disguise	onDamage	Mimikyu-Busted	Status	plain	0	undefined	absent	
disguise	onDamage	Mimikyu-Busted	Status	plain	1	undefined	absent	
disguise	onDamage	Mimikyu-Busted	Status	sub	0	undefined	absent	
disguise	onDamage	Mimikyu-Busted	Status	sub	1	undefined	absent	
disguise	onDamage	Mimikyu-Busted	Status	bypass	0	undefined	absent	
disguise	onDamage	Mimikyu-Busted	Status	bypass	1	undefined	absent	
disguise	onDamage	Mimikyu-Busted	Status	infiltrates	0	undefined	absent	
disguise	onDamage	Mimikyu-Busted	Status	infiltrates	1	undefined	absent	
disguise	onDamage	Pikachu	Physical	plain	0	undefined	absent	
disguise	onDamage	Pikachu	Physical	plain	1	undefined	absent	
disguise	onDamage	Pikachu	Physical	sub	0	undefined	absent	
disguise	onDamage	Pikachu	Physical	sub	1	undefined	absent	
disguise	onDamage	Pikachu	Physical	bypass	0	undefined	absent	
disguise	onDamage	Pikachu	Physical	bypass	1	undefined	absent	
disguise	onDamage	Pikachu	Physical	infiltrates	0	undefined	absent	
disguise	onDamage	Pikachu	Physical	infiltrates	1	undefined	absent	
disguise	onDamage	Pikachu	Special	plain	0	undefined	absent	
disguise	onDamage	Pikachu	Special	plain	1	undefined	absent	
disguise	onDamage	Pikachu	Special	sub	0	undefined	absent	
disguise	onDamage	Pikachu	Special	sub	1	undefined	absent	
disguise	onDamage	Pikachu	Special	bypass	0	undefined	absent	
disguise	onDamage	Pikachu	Special	bypass	1	undefined	absent	
disguise	onDamage	Pikachu	Special	infiltrates	0	undefined	absent	
disguise	onDamage	Pikachu	Special	infiltrates	1	undefined	absent	
disguise	onDamage	Pikachu	Status	plain	0	undefined	absent	
disguise	onDamage	Pikachu	Status	plain	1	undefined	absent	
disguise	onDamage	Pikachu	Status	sub	0	undefined	absent	
disguise	onDamage	Pikachu	Status	sub	1	undefined	absent	
disguise	onDamage	Pikachu	Status	bypass	0	undefined	absent	
disguise	onDamage	Pikachu	Status	bypass	1	undefined	absent	
disguise	onDamage	Pikachu	Status	infiltrates	0	undefined	absent	
disguise	onDamage	Pikachu	Status	infiltrates	1	undefined	absent	
disguise	onCriticalHit	Mimikyu	Physical	plain	0	undefined	absent	
disguise	onCriticalHit	Mimikyu	Physical	plain	1	false	absent	
disguise	onCriticalHit	Mimikyu	Physical	sub	0	undefined	absent	
disguise	onCriticalHit	Mimikyu	Physical	sub	1	undefined	absent	
disguise	onCriticalHit	Mimikyu	Physical	bypass	0	undefined	absent	
disguise	onCriticalHit	Mimikyu	Physical	bypass	1	false	absent	
disguise	onCriticalHit	Mimikyu	Physical	infiltrates	0	undefined	absent	
disguise	onCriticalHit	Mimikyu	Physical	infiltrates	1	false	absent	
disguise	onCriticalHit	Mimikyu	Special	plain	0	undefined	absent	
disguise	onCriticalHit	Mimikyu	Special	plain	1	false	absent	
disguise	onCriticalHit	Mimikyu	Special	sub	0	undefined	absent	
disguise	onCriticalHit	Mimikyu	Special	sub	1	undefined	absent	
disguise	onCriticalHit	Mimikyu	Special	bypass	0	undefined	absent	
disguise	onCriticalHit	Mimikyu	Special	bypass	1	false	absent	
disguise	onCriticalHit	Mimikyu	Special	infiltrates	0	undefined	absent	
disguise	onCriticalHit	Mimikyu	Special	infiltrates	1	false	absent	
disguise	onCriticalHit	Mimikyu	Status	plain	0	undefined	absent	
disguise	onCriticalHit	Mimikyu	Status	plain	1	false	absent	
disguise	onCriticalHit	Mimikyu	Status	sub	0	undefined	absent	
disguise	onCriticalHit	Mimikyu	Status	sub	1	undefined	absent	
disguise	onCriticalHit	Mimikyu	Status	bypass	0	undefined	absent	
disguise	onCriticalHit	Mimikyu	Status	bypass	1	false	absent	
disguise	onCriticalHit	Mimikyu	Status	infiltrates	0	undefined	absent	
disguise	onCriticalHit	Mimikyu	Status	infiltrates	1	false	absent	
disguise	onCriticalHit	Mimikyu-Busted	Physical	plain	0	undefined	absent	
disguise	onCriticalHit	Mimikyu-Busted	Physical	plain	1	undefined	absent	
disguise	onCriticalHit	Mimikyu-Busted	Physical	sub	0	undefined	absent	
disguise	onCriticalHit	Mimikyu-Busted	Physical	sub	1	undefined	absent	
disguise	onCriticalHit	Mimikyu-Busted	Physical	bypass	0	undefined	absent	
disguise	onCriticalHit	Mimikyu-Busted	Physical	bypass	1	undefined	absent	
disguise	onCriticalHit	Mimikyu-Busted	Physical	infiltrates	0	undefined	absent	
disguise	onCriticalHit	Mimikyu-Busted	Physical	infiltrates	1	undefined	absent	
disguise	onCriticalHit	Mimikyu-Busted	Special	plain	0	undefined	absent	
disguise	onCriticalHit	Mimikyu-Busted	Special	plain	1	undefined	absent	
disguise	onCriticalHit	Mimikyu-Busted	Special	sub	0	undefined	absent	
disguise	onCriticalHit	Mimikyu-Busted	Special	sub	1	undefined	absent	
disguise	onCriticalHit	Mimikyu-Busted	Special	bypass	0	undefined	absent	
disguise	onCriticalHit	Mimikyu-Busted	Special	bypass	1	undefined	absent	
disguise	onCriticalHit	Mimikyu-Busted	Special	infiltrates	0	undefined	absent	
disguise	onCriticalHit	Mimikyu-Busted	Special	infiltrates	1	undefined	absent	
disguise	onCriticalHit	Mimikyu-Busted	Status	plain	0	undefined	absent	
disguise	onCriticalHit	Mimikyu-Busted	Status	plain	1	undefined	absent	
disguise	onCriticalHit	Mimikyu-Busted	Status	sub	0	undefined	absent	
disguise	onCriticalHit	Mimikyu-Busted	Status	sub	1	undefined	absent	
disguise	onCriticalHit	Mimikyu-Busted	Status	bypass	0	undefined	absent	
disguise	onCriticalHit	Mimikyu-Busted	Status	bypass	1	undefined	absent	
disguise	onCriticalHit	Mimikyu-Busted	Status	infiltrates	0	undefined	absent	
disguise	onCriticalHit	Mimikyu-Busted	Status	infiltrates	1	undefined	absent	
disguise	onCriticalHit	Pikachu	Physical	plain	0	undefined	absent	
disguise	onCriticalHit	Pikachu	Physical	plain	1	undefined	absent	
disguise	onCriticalHit	Pikachu	Physical	sub	0	undefined	absent	
disguise	onCriticalHit	Pikachu	Physical	sub	1	undefined	absent	
disguise	onCriticalHit	Pikachu	Physical	bypass	0	undefined	absent	
disguise	onCriticalHit	Pikachu	Physical	bypass	1	undefined	absent	
disguise	onCriticalHit	Pikachu	Physical	infiltrates	0	undefined	absent	
disguise	onCriticalHit	Pikachu	Physical	infiltrates	1	undefined	absent	
disguise	onCriticalHit	Pikachu	Special	plain	0	undefined	absent	
disguise	onCriticalHit	Pikachu	Special	plain	1	undefined	absent	
disguise	onCriticalHit	Pikachu	Special	sub	0	undefined	absent	
disguise	onCriticalHit	Pikachu	Special	sub	1	undefined	absent	
disguise	onCriticalHit	Pikachu	Special	bypass	0	undefined	absent	
disguise	onCriticalHit	Pikachu	Special	bypass	1	undefined	absent	
disguise	onCriticalHit	Pikachu	Special	infiltrates	0	undefined	absent	
disguise	onCriticalHit	Pikachu	Special	infiltrates	1	undefined	absent	
disguise	onCriticalHit	Pikachu	Status	plain	0	undefined	absent	
disguise	onCriticalHit	Pikachu	Status	plain	1	undefined	absent	
disguise	onCriticalHit	Pikachu	Status	sub	0	undefined	absent	
disguise	onCriticalHit	Pikachu	Status	sub	1	undefined	absent	
disguise	onCriticalHit	Pikachu	Status	bypass	0	undefined	absent	
disguise	onCriticalHit	Pikachu	Status	bypass	1	undefined	absent	
disguise	onCriticalHit	Pikachu	Status	infiltrates	0	undefined	absent	
disguise	onCriticalHit	Pikachu	Status	infiltrates	1	undefined	absent	
disguise	onEffectiveness	Mimikyu	Physical	plain	0	undefined	absent	
disguise	onEffectiveness	Mimikyu	Physical	plain	1	0	absent	
disguise	onEffectiveness	Mimikyu	Physical	sub	0	undefined	absent	
disguise	onEffectiveness	Mimikyu	Physical	sub	1	undefined	absent	
disguise	onEffectiveness	Mimikyu	Physical	bypass	0	undefined	absent	
disguise	onEffectiveness	Mimikyu	Physical	bypass	1	0	absent	
disguise	onEffectiveness	Mimikyu	Physical	infiltrates	0	undefined	absent	
disguise	onEffectiveness	Mimikyu	Physical	infiltrates	1	0	absent	
disguise	onEffectiveness	Mimikyu	Special	plain	0	undefined	absent	
disguise	onEffectiveness	Mimikyu	Special	plain	1	0	absent	
disguise	onEffectiveness	Mimikyu	Special	sub	0	undefined	absent	
disguise	onEffectiveness	Mimikyu	Special	sub	1	undefined	absent	
disguise	onEffectiveness	Mimikyu	Special	bypass	0	undefined	absent	
disguise	onEffectiveness	Mimikyu	Special	bypass	1	0	absent	
disguise	onEffectiveness	Mimikyu	Special	infiltrates	0	undefined	absent	
disguise	onEffectiveness	Mimikyu	Special	infiltrates	1	0	absent	
disguise	onEffectiveness	Mimikyu	Status	plain	0	undefined	absent	
disguise	onEffectiveness	Mimikyu	Status	plain	1	undefined	absent	
disguise	onEffectiveness	Mimikyu	Status	sub	0	undefined	absent	
disguise	onEffectiveness	Mimikyu	Status	sub	1	undefined	absent	
disguise	onEffectiveness	Mimikyu	Status	bypass	0	undefined	absent	
disguise	onEffectiveness	Mimikyu	Status	bypass	1	undefined	absent	
disguise	onEffectiveness	Mimikyu	Status	infiltrates	0	undefined	absent	
disguise	onEffectiveness	Mimikyu	Status	infiltrates	1	undefined	absent	
disguise	onEffectiveness	Mimikyu-Busted	Physical	plain	0	undefined	absent	
disguise	onEffectiveness	Mimikyu-Busted	Physical	plain	1	undefined	absent	
disguise	onEffectiveness	Mimikyu-Busted	Physical	sub	0	undefined	absent	
disguise	onEffectiveness	Mimikyu-Busted	Physical	sub	1	undefined	absent	
disguise	onEffectiveness	Mimikyu-Busted	Physical	bypass	0	undefined	absent	
disguise	onEffectiveness	Mimikyu-Busted	Physical	bypass	1	undefined	absent	
disguise	onEffectiveness	Mimikyu-Busted	Physical	infiltrates	0	undefined	absent	
disguise	onEffectiveness	Mimikyu-Busted	Physical	infiltrates	1	undefined	absent	
disguise	onEffectiveness	Mimikyu-Busted	Special	plain	0	undefined	absent	
disguise	onEffectiveness	Mimikyu-Busted	Special	plain	1	undefined	absent	
disguise	onEffectiveness	Mimikyu-Busted	Special	sub	0	undefined	absent	
disguise	onEffectiveness	Mimikyu-Busted	Special	sub	1	undefined	absent	
disguise	onEffectiveness	Mimikyu-Busted	Special	bypass	0	undefined	absent	
disguise	onEffectiveness	Mimikyu-Busted	Special	bypass	1	undefined	absent	
disguise	onEffectiveness	Mimikyu-Busted	Special	infiltrates	0	undefined	absent	
disguise	onEffectiveness	Mimikyu-Busted	Special	infiltrates	1	undefined	absent	
disguise	onEffectiveness	Mimikyu-Busted	Status	plain	0	undefined	absent	
disguise	onEffectiveness	Mimikyu-Busted	Status	plain	1	undefined	absent	
disguise	onEffectiveness	Mimikyu-Busted	Status	sub	0	undefined	absent	
disguise	onEffectiveness	Mimikyu-Busted	Status	sub	1	undefined	absent	
disguise	onEffectiveness	Mimikyu-Busted	Status	bypass	0	undefined	absent	
disguise	onEffectiveness	Mimikyu-Busted	Status	bypass	1	undefined	absent	
disguise	onEffectiveness	Mimikyu-Busted	Status	infiltrates	0	undefined	absent	
disguise	onEffectiveness	Mimikyu-Busted	Status	infiltrates	1	undefined	absent	
disguise	onEffectiveness	Pikachu	Physical	plain	0	undefined	absent	
disguise	onEffectiveness	Pikachu	Physical	plain	1	undefined	absent	
disguise	onEffectiveness	Pikachu	Physical	sub	0	undefined	absent	
disguise	onEffectiveness	Pikachu	Physical	sub	1	undefined	absent	
disguise	onEffectiveness	Pikachu	Physical	bypass	0	undefined	absent	
disguise	onEffectiveness	Pikachu	Physical	bypass	1	undefined	absent	
disguise	onEffectiveness	Pikachu	Physical	infiltrates	0	undefined	absent	
disguise	onEffectiveness	Pikachu	Physical	infiltrates	1	undefined	absent	
disguise	onEffectiveness	Pikachu	Special	plain	0	undefined	absent	
disguise	onEffectiveness	Pikachu	Special	plain	1	undefined	absent	
disguise	onEffectiveness	Pikachu	Special	sub	0	undefined	absent	
disguise	onEffectiveness	Pikachu	Special	sub	1	undefined	absent	
disguise	onEffectiveness	Pikachu	Special	bypass	0	undefined	absent	
disguise	onEffectiveness	Pikachu	Special	bypass	1	undefined	absent	
disguise	onEffectiveness	Pikachu	Special	infiltrates	0	undefined	absent	
disguise	onEffectiveness	Pikachu	Special	infiltrates	1	undefined	absent	
disguise	onEffectiveness	Pikachu	Status	plain	0	undefined	absent	
disguise	onEffectiveness	Pikachu	Status	plain	1	undefined	absent	
disguise	onEffectiveness	Pikachu	Status	sub	0	undefined	absent	
disguise	onEffectiveness	Pikachu	Status	sub	1	undefined	absent	
disguise	onEffectiveness	Pikachu	Status	bypass	0	undefined	absent	
disguise	onEffectiveness	Pikachu	Status	bypass	1	undefined	absent	
disguise	onEffectiveness	Pikachu	Status	infiltrates	0	undefined	absent	
disguise	onEffectiveness	Pikachu	Status	infiltrates	1	undefined	absent	
iceface	onDamage	Eiscue	Physical	plain	0	0	1	-activate|m0|ability: Ice Face
iceface	onDamage	Eiscue	Physical	plain	1	0	1	-activate|m0|ability: Ice Face
iceface	onDamage	Eiscue	Physical	sub	0	0	1	-activate|m0|ability: Ice Face
iceface	onDamage	Eiscue	Physical	sub	1	0	1	-activate|m0|ability: Ice Face
iceface	onDamage	Eiscue	Physical	bypass	0	0	1	-activate|m0|ability: Ice Face
iceface	onDamage	Eiscue	Physical	bypass	1	0	1	-activate|m0|ability: Ice Face
iceface	onDamage	Eiscue	Physical	infiltrates	0	0	1	-activate|m0|ability: Ice Face
iceface	onDamage	Eiscue	Physical	infiltrates	1	0	1	-activate|m0|ability: Ice Face
iceface	onDamage	Eiscue	Special	plain	0	undefined	absent	
iceface	onDamage	Eiscue	Special	plain	1	undefined	absent	
iceface	onDamage	Eiscue	Special	sub	0	undefined	absent	
iceface	onDamage	Eiscue	Special	sub	1	undefined	absent	
iceface	onDamage	Eiscue	Special	bypass	0	undefined	absent	
iceface	onDamage	Eiscue	Special	bypass	1	undefined	absent	
iceface	onDamage	Eiscue	Special	infiltrates	0	undefined	absent	
iceface	onDamage	Eiscue	Special	infiltrates	1	undefined	absent	
iceface	onDamage	Eiscue	Status	plain	0	undefined	absent	
iceface	onDamage	Eiscue	Status	plain	1	undefined	absent	
iceface	onDamage	Eiscue	Status	sub	0	undefined	absent	
iceface	onDamage	Eiscue	Status	sub	1	undefined	absent	
iceface	onDamage	Eiscue	Status	bypass	0	undefined	absent	
iceface	onDamage	Eiscue	Status	bypass	1	undefined	absent	
iceface	onDamage	Eiscue	Status	infiltrates	0	undefined	absent	
iceface	onDamage	Eiscue	Status	infiltrates	1	undefined	absent	
iceface	onDamage	Eiscue-Noice	Physical	plain	0	undefined	absent	
iceface	onDamage	Eiscue-Noice	Physical	plain	1	undefined	absent	
iceface	onDamage	Eiscue-Noice	Physical	sub	0	undefined	absent	
iceface	onDamage	Eiscue-Noice	Physical	sub	1	undefined	absent	
iceface	onDamage	Eiscue-Noice	Physical	bypass	0	undefined	absent	
iceface	onDamage	Eiscue-Noice	Physical	bypass	1	undefined	absent	
iceface	onDamage	Eiscue-Noice	Physical	infiltrates	0	undefined	absent	
iceface	onDamage	Eiscue-Noice	Physical	infiltrates	1	undefined	absent	
iceface	onDamage	Eiscue-Noice	Special	plain	0	undefined	absent	
iceface	onDamage	Eiscue-Noice	Special	plain	1	undefined	absent	
iceface	onDamage	Eiscue-Noice	Special	sub	0	undefined	absent	
iceface	onDamage	Eiscue-Noice	Special	sub	1	undefined	absent	
iceface	onDamage	Eiscue-Noice	Special	bypass	0	undefined	absent	
iceface	onDamage	Eiscue-Noice	Special	bypass	1	undefined	absent	
iceface	onDamage	Eiscue-Noice	Special	infiltrates	0	undefined	absent	
iceface	onDamage	Eiscue-Noice	Special	infiltrates	1	undefined	absent	
iceface	onDamage	Eiscue-Noice	Status	plain	0	undefined	absent	
iceface	onDamage	Eiscue-Noice	Status	plain	1	undefined	absent	
iceface	onDamage	Eiscue-Noice	Status	sub	0	undefined	absent	
iceface	onDamage	Eiscue-Noice	Status	sub	1	undefined	absent	
iceface	onDamage	Eiscue-Noice	Status	bypass	0	undefined	absent	
iceface	onDamage	Eiscue-Noice	Status	bypass	1	undefined	absent	
iceface	onDamage	Eiscue-Noice	Status	infiltrates	0	undefined	absent	
iceface	onDamage	Eiscue-Noice	Status	infiltrates	1	undefined	absent	
iceface	onDamage	Pikachu	Physical	plain	0	undefined	absent	
iceface	onDamage	Pikachu	Physical	plain	1	undefined	absent	
iceface	onDamage	Pikachu	Physical	sub	0	undefined	absent	
iceface	onDamage	Pikachu	Physical	sub	1	undefined	absent	
iceface	onDamage	Pikachu	Physical	bypass	0	undefined	absent	
iceface	onDamage	Pikachu	Physical	bypass	1	undefined	absent	
iceface	onDamage	Pikachu	Physical	infiltrates	0	undefined	absent	
iceface	onDamage	Pikachu	Physical	infiltrates	1	undefined	absent	
iceface	onDamage	Pikachu	Special	plain	0	undefined	absent	
iceface	onDamage	Pikachu	Special	plain	1	undefined	absent	
iceface	onDamage	Pikachu	Special	sub	0	undefined	absent	
iceface	onDamage	Pikachu	Special	sub	1	undefined	absent	
iceface	onDamage	Pikachu	Special	bypass	0	undefined	absent	
iceface	onDamage	Pikachu	Special	bypass	1	undefined	absent	
iceface	onDamage	Pikachu	Special	infiltrates	0	undefined	absent	
iceface	onDamage	Pikachu	Special	infiltrates	1	undefined	absent	
iceface	onDamage	Pikachu	Status	plain	0	undefined	absent	
iceface	onDamage	Pikachu	Status	plain	1	undefined	absent	
iceface	onDamage	Pikachu	Status	sub	0	undefined	absent	
iceface	onDamage	Pikachu	Status	sub	1	undefined	absent	
iceface	onDamage	Pikachu	Status	bypass	0	undefined	absent	
iceface	onDamage	Pikachu	Status	bypass	1	undefined	absent	
iceface	onDamage	Pikachu	Status	infiltrates	0	undefined	absent	
iceface	onDamage	Pikachu	Status	infiltrates	1	undefined	absent	
iceface	onCriticalHit	Eiscue	Physical	plain	0	undefined	absent	
iceface	onCriticalHit	Eiscue	Physical	plain	1	false	absent	
iceface	onCriticalHit	Eiscue	Physical	sub	0	undefined	absent	
iceface	onCriticalHit	Eiscue	Physical	sub	1	undefined	absent	
iceface	onCriticalHit	Eiscue	Physical	bypass	0	undefined	absent	
iceface	onCriticalHit	Eiscue	Physical	bypass	1	false	absent	
iceface	onCriticalHit	Eiscue	Physical	infiltrates	0	undefined	absent	
iceface	onCriticalHit	Eiscue	Physical	infiltrates	1	false	absent	
iceface	onCriticalHit	Eiscue	Special	plain	0	undefined	absent	
iceface	onCriticalHit	Eiscue	Special	plain	1	undefined	absent	
iceface	onCriticalHit	Eiscue	Special	sub	0	undefined	absent	
iceface	onCriticalHit	Eiscue	Special	sub	1	undefined	absent	
iceface	onCriticalHit	Eiscue	Special	bypass	0	undefined	absent	
iceface	onCriticalHit	Eiscue	Special	bypass	1	undefined	absent	
iceface	onCriticalHit	Eiscue	Special	infiltrates	0	undefined	absent	
iceface	onCriticalHit	Eiscue	Special	infiltrates	1	undefined	absent	
iceface	onCriticalHit	Eiscue	Status	plain	0	undefined	absent	
iceface	onCriticalHit	Eiscue	Status	plain	1	undefined	absent	
iceface	onCriticalHit	Eiscue	Status	sub	0	undefined	absent	
iceface	onCriticalHit	Eiscue	Status	sub	1	undefined	absent	
iceface	onCriticalHit	Eiscue	Status	bypass	0	undefined	absent	
iceface	onCriticalHit	Eiscue	Status	bypass	1	undefined	absent	
iceface	onCriticalHit	Eiscue	Status	infiltrates	0	undefined	absent	
iceface	onCriticalHit	Eiscue	Status	infiltrates	1	undefined	absent	
iceface	onCriticalHit	Eiscue-Noice	Physical	plain	0	undefined	absent	
iceface	onCriticalHit	Eiscue-Noice	Physical	plain	1	undefined	absent	
iceface	onCriticalHit	Eiscue-Noice	Physical	sub	0	undefined	absent	
iceface	onCriticalHit	Eiscue-Noice	Physical	sub	1	undefined	absent	
iceface	onCriticalHit	Eiscue-Noice	Physical	bypass	0	undefined	absent	
iceface	onCriticalHit	Eiscue-Noice	Physical	bypass	1	undefined	absent	
iceface	onCriticalHit	Eiscue-Noice	Physical	infiltrates	0	undefined	absent	
iceface	onCriticalHit	Eiscue-Noice	Physical	infiltrates	1	undefined	absent	
iceface	onCriticalHit	Eiscue-Noice	Special	plain	0	undefined	absent	
iceface	onCriticalHit	Eiscue-Noice	Special	plain	1	undefined	absent	
iceface	onCriticalHit	Eiscue-Noice	Special	sub	0	undefined	absent	
iceface	onCriticalHit	Eiscue-Noice	Special	sub	1	undefined	absent	
iceface	onCriticalHit	Eiscue-Noice	Special	bypass	0	undefined	absent	
iceface	onCriticalHit	Eiscue-Noice	Special	bypass	1	undefined	absent	
iceface	onCriticalHit	Eiscue-Noice	Special	infiltrates	0	undefined	absent	
iceface	onCriticalHit	Eiscue-Noice	Special	infiltrates	1	undefined	absent	
iceface	onCriticalHit	Eiscue-Noice	Status	plain	0	undefined	absent	
iceface	onCriticalHit	Eiscue-Noice	Status	plain	1	undefined	absent	
iceface	onCriticalHit	Eiscue-Noice	Status	sub	0	undefined	absent	
iceface	onCriticalHit	Eiscue-Noice	Status	sub	1	undefined	absent	
iceface	onCriticalHit	Eiscue-Noice	Status	bypass	0	undefined	absent	
iceface	onCriticalHit	Eiscue-Noice	Status	bypass	1	undefined	absent	
iceface	onCriticalHit	Eiscue-Noice	Status	infiltrates	0	undefined	absent	
iceface	onCriticalHit	Eiscue-Noice	Status	infiltrates	1	undefined	absent	
iceface	onCriticalHit	Pikachu	Physical	plain	0	undefined	absent	
iceface	onCriticalHit	Pikachu	Physical	plain	1	undefined	absent	
iceface	onCriticalHit	Pikachu	Physical	sub	0	undefined	absent	
iceface	onCriticalHit	Pikachu	Physical	sub	1	undefined	absent	
iceface	onCriticalHit	Pikachu	Physical	bypass	0	undefined	absent	
iceface	onCriticalHit	Pikachu	Physical	bypass	1	undefined	absent	
iceface	onCriticalHit	Pikachu	Physical	infiltrates	0	undefined	absent	
iceface	onCriticalHit	Pikachu	Physical	infiltrates	1	undefined	absent	
iceface	onCriticalHit	Pikachu	Special	plain	0	undefined	absent	
iceface	onCriticalHit	Pikachu	Special	plain	1	undefined	absent	
iceface	onCriticalHit	Pikachu	Special	sub	0	undefined	absent	
iceface	onCriticalHit	Pikachu	Special	sub	1	undefined	absent	
iceface	onCriticalHit	Pikachu	Special	bypass	0	undefined	absent	
iceface	onCriticalHit	Pikachu	Special	bypass	1	undefined	absent	
iceface	onCriticalHit	Pikachu	Special	infiltrates	0	undefined	absent	
iceface	onCriticalHit	Pikachu	Special	infiltrates	1	undefined	absent	
iceface	onCriticalHit	Pikachu	Status	plain	0	undefined	absent	
iceface	onCriticalHit	Pikachu	Status	plain	1	undefined	absent	
iceface	onCriticalHit	Pikachu	Status	sub	0	undefined	absent	
iceface	onCriticalHit	Pikachu	Status	sub	1	undefined	absent	
iceface	onCriticalHit	Pikachu	Status	bypass	0	undefined	absent	
iceface	onCriticalHit	Pikachu	Status	bypass	1	undefined	absent	
iceface	onCriticalHit	Pikachu	Status	infiltrates	0	undefined	absent	
iceface	onCriticalHit	Pikachu	Status	infiltrates	1	undefined	absent	
iceface	onEffectiveness	Eiscue	Physical	plain	0	undefined	absent	
iceface	onEffectiveness	Eiscue	Physical	plain	1	0	absent	
iceface	onEffectiveness	Eiscue	Physical	sub	0	undefined	absent	
iceface	onEffectiveness	Eiscue	Physical	sub	1	undefined	absent	
iceface	onEffectiveness	Eiscue	Physical	bypass	0	undefined	absent	
iceface	onEffectiveness	Eiscue	Physical	bypass	1	0	absent	
iceface	onEffectiveness	Eiscue	Physical	infiltrates	0	undefined	absent	
iceface	onEffectiveness	Eiscue	Physical	infiltrates	1	0	absent	
iceface	onEffectiveness	Eiscue	Special	plain	0	undefined	absent	
iceface	onEffectiveness	Eiscue	Special	plain	1	undefined	absent	
iceface	onEffectiveness	Eiscue	Special	sub	0	undefined	absent	
iceface	onEffectiveness	Eiscue	Special	sub	1	undefined	absent	
iceface	onEffectiveness	Eiscue	Special	bypass	0	undefined	absent	
iceface	onEffectiveness	Eiscue	Special	bypass	1	undefined	absent	
iceface	onEffectiveness	Eiscue	Special	infiltrates	0	undefined	absent	
iceface	onEffectiveness	Eiscue	Special	infiltrates	1	undefined	absent	
iceface	onEffectiveness	Eiscue	Status	plain	0	undefined	absent	
iceface	onEffectiveness	Eiscue	Status	plain	1	undefined	absent	
iceface	onEffectiveness	Eiscue	Status	sub	0	undefined	absent	
iceface	onEffectiveness	Eiscue	Status	sub	1	undefined	absent	
iceface	onEffectiveness	Eiscue	Status	bypass	0	undefined	absent	
iceface	onEffectiveness	Eiscue	Status	bypass	1	undefined	absent	
iceface	onEffectiveness	Eiscue	Status	infiltrates	0	undefined	absent	
iceface	onEffectiveness	Eiscue	Status	infiltrates	1	undefined	absent	
iceface	onEffectiveness	Eiscue-Noice	Physical	plain	0	undefined	absent	
iceface	onEffectiveness	Eiscue-Noice	Physical	plain	1	undefined	absent	
iceface	onEffectiveness	Eiscue-Noice	Physical	sub	0	undefined	absent	
iceface	onEffectiveness	Eiscue-Noice	Physical	sub	1	undefined	absent	
iceface	onEffectiveness	Eiscue-Noice	Physical	bypass	0	undefined	absent	
iceface	onEffectiveness	Eiscue-Noice	Physical	bypass	1	undefined	absent	
iceface	onEffectiveness	Eiscue-Noice	Physical	infiltrates	0	undefined	absent	
iceface	onEffectiveness	Eiscue-Noice	Physical	infiltrates	1	undefined	absent	
iceface	onEffectiveness	Eiscue-Noice	Special	plain	0	undefined	absent	
iceface	onEffectiveness	Eiscue-Noice	Special	plain	1	undefined	absent	
iceface	onEffectiveness	Eiscue-Noice	Special	sub	0	undefined	absent	
iceface	onEffectiveness	Eiscue-Noice	Special	sub	1	undefined	absent	
iceface	onEffectiveness	Eiscue-Noice	Special	bypass	0	undefined	absent	
iceface	onEffectiveness	Eiscue-Noice	Special	bypass	1	undefined	absent	
iceface	onEffectiveness	Eiscue-Noice	Special	infiltrates	0	undefined	absent	
iceface	onEffectiveness	Eiscue-Noice	Special	infiltrates	1	undefined	absent	
iceface	onEffectiveness	Eiscue-Noice	Status	plain	0	undefined	absent	
iceface	onEffectiveness	Eiscue-Noice	Status	plain	1	undefined	absent	
iceface	onEffectiveness	Eiscue-Noice	Status	sub	0	undefined	absent	
iceface	onEffectiveness	Eiscue-Noice	Status	sub	1	undefined	absent	
iceface	onEffectiveness	Eiscue-Noice	Status	bypass	0	undefined	absent	
iceface	onEffectiveness	Eiscue-Noice	Status	bypass	1	undefined	absent	
iceface	onEffectiveness	Eiscue-Noice	Status	infiltrates	0	undefined	absent	
iceface	onEffectiveness	Eiscue-Noice	Status	infiltrates	1	undefined	absent	
iceface	onEffectiveness	Pikachu	Physical	plain	0	undefined	absent	
iceface	onEffectiveness	Pikachu	Physical	plain	1	undefined	absent	
iceface	onEffectiveness	Pikachu	Physical	sub	0	undefined	absent	
iceface	onEffectiveness	Pikachu	Physical	sub	1	undefined	absent	
iceface	onEffectiveness	Pikachu	Physical	bypass	0	undefined	absent	
iceface	onEffectiveness	Pikachu	Physical	bypass	1	undefined	absent	
iceface	onEffectiveness	Pikachu	Physical	infiltrates	0	undefined	absent	
iceface	onEffectiveness	Pikachu	Physical	infiltrates	1	undefined	absent	
iceface	onEffectiveness	Pikachu	Special	plain	0	undefined	absent	
iceface	onEffectiveness	Pikachu	Special	plain	1	undefined	absent	
iceface	onEffectiveness	Pikachu	Special	sub	0	undefined	absent	
iceface	onEffectiveness	Pikachu	Special	sub	1	undefined	absent	
iceface	onEffectiveness	Pikachu	Special	bypass	0	undefined	absent	
iceface	onEffectiveness	Pikachu	Special	bypass	1	undefined	absent	
iceface	onEffectiveness	Pikachu	Special	infiltrates	0	undefined	absent	
iceface	onEffectiveness	Pikachu	Special	infiltrates	1	undefined	absent	
iceface	onEffectiveness	Pikachu	Status	plain	0	undefined	absent	
iceface	onEffectiveness	Pikachu	Status	plain	1	undefined	absent	
iceface	onEffectiveness	Pikachu	Status	sub	0	undefined	absent	
iceface	onEffectiveness	Pikachu	Status	sub	1	undefined	absent	
iceface	onEffectiveness	Pikachu	Status	bypass	0	undefined	absent	
iceface	onEffectiveness	Pikachu	Status	bypass	1	undefined	absent	
iceface	onEffectiveness	Pikachu	Status	infiltrates	0	undefined	absent	
iceface	onEffectiveness	Pikachu	Status	infiltrates	1	undefined	absent	
disguise	onDamage	Mimikyu	Confused	plain	1	0	1	-activate|m0|ability: Disguise
iceface	onDamage	Eiscue	Confused	plain	1	undefined	absent	
