Minior-Meteor	0	statusmove	false	-immune|m0|[from] ability: Shields Down
Minior-Meteor	0	other	false	
Minior-Meteor	0	yawn	null	-immune|m0|[from] ability: Shields Down
Minior-Meteor	0	substitute	undefined	
Minior-Meteor	1	statusmove	undefined	
Minior-Meteor	1	other	undefined	
Minior-Meteor	1	yawn	undefined	
Minior-Meteor	1	substitute	undefined	
Minior	0	statusmove	undefined	
Minior	0	other	undefined	
Minior	0	yawn	undefined	
Minior	0	substitute	undefined	
Minior	1	statusmove	undefined	
Minior	1	other	undefined	
Minior	1	yawn	undefined	
Minior	1	substitute	undefined	
