	0	Pikachu	0	3
	0	Pikachu	1	2
	0	Ogerpon-Wellspring	0	3
	0	Ogerpon-Wellspring	1	2
	0	Terapagos-Terastal	0	3
	0	Terapagos-Terastal	1	2
	1	Pikachu	0	3
	1	Pikachu	1	2
	1	Ogerpon-Wellspring	0	3
	1	Ogerpon-Wellspring	1	2
	1	Terapagos-Terastal	0	3
	1	Terapagos-Terastal	1	2
	2	Pikachu	0	3
	2	Pikachu	1	-1
	2	Ogerpon-Wellspring	0	3
	2	Ogerpon-Wellspring	1	-1
	2	Terapagos-Terastal	0	3
	2	Terapagos-Terastal	1	-1
	3	Pikachu	0	-1
	3	Pikachu	1	-1
	3	Ogerpon-Wellspring	0	-1
	3	Ogerpon-Wellspring	1	-1
	3	Terapagos-Terastal	0	-1
	3	Terapagos-Terastal	1	-1
Fire	0	Pikachu	0	3
Fire	0	Pikachu	1	2
Fire	0	Ogerpon-Wellspring	0	-1
Fire	0	Ogerpon-Wellspring	1	2
Fire	0	Terapagos-Terastal	0	-1
Fire	0	Terapagos-Terastal	1	2
Fire	1	Pikachu	0	3
Fire	1	Pikachu	1	2
Fire	1	Ogerpon-Wellspring	0	-1
Fire	1	Ogerpon-Wellspring	1	2
Fire	1	Terapagos-Terastal	0	-1
Fire	1	Terapagos-Terastal	1	2
Fire	2	Pikachu	0	3
Fire	2	Pikachu	1	-1
Fire	2	Ogerpon-Wellspring	0	-1
Fire	2	Ogerpon-Wellspring	1	-1
Fire	2	Terapagos-Terastal	0	-1
Fire	2	Terapagos-Terastal	1	-1
Fire	3	Pikachu	0	-1
Fire	3	Pikachu	1	-1
Fire	3	Ogerpon-Wellspring	0	-1
Fire	3	Ogerpon-Wellspring	1	-1
Fire	3	Terapagos-Terastal	0	-1
Fire	3	Terapagos-Terastal	1	-1
