# name	seed	p1	p2	steps	final seed	log
substitute_status_and_restart	101,202,303,404	Mew|||earlybird|substitute|Serious||N|||100|,,,,,Normal]Mew|||earlybird|irondefense|Serious||N|||100|,,,,,Normal	Mew|||earlybird|stunspore|Serious||N|||100|,,,,,Normal]Mew|||earlybird|irondefense|Serious||N|||100|,,,,,Normal	p1:move 1, move 1;p2:move 1 1, move 1;p1:move 1, move 1;p2:move 1 1, move 1	21889,14214,24351,36759	|t:|\n|gametype|doubles\n|player|p1|Alice||\n|player|p2|Bob||\n|gen|9\n|tier|[Gen 9] Random Doubles Battle\n|rule|Species Clause: Limit one of each Pokémon\n|rule|HP Percentage Mod: HP is shown in percentages\n|rule|Illusion Level Mod: Illusion disguises the Pokémon's true level\n|rule|Sleep Clause Mod: Limit one foe put to sleep\n|\n|t:|\n|teamsize|p1|2\n|teamsize|p2|2\n|start\n|split|p1\n|switch|p1a: Mew|Mew|341/341\n|switch|p1a: Mew|Mew|100/100\n|split|p1\n|switch|p1b: Mew|Mew|341/341\n|switch|p1b: Mew|Mew|100/100\n|split|p2\n|switch|p2a: Mew|Mew|341/341\n|switch|p2a: Mew|Mew|100/100\n|split|p2\n|switch|p2b: Mew|Mew|341/341\n|switch|p2b: Mew|Mew|100/100\n|turn|1\n|\n|t:|\n|move|p1b: Mew|Iron Defense|p1b: Mew\n|-boost|p1b: Mew|def|2\n|move|p1a: Mew|Substitute|p1a: Mew\n|-start|p1a: Mew|Substitute\n|split|p1\n|-damage|p1a: Mew|256/341\n|-damage|p1a: Mew|76/100\n|move|p2b: Mew|Iron Defense|p2b: Mew\n|-boost|p2b: Mew|def|2\n|move|p2a: Mew|Stun Spore||[still]\n|-fail|p2a: Mew\n|\n|upkeep\n|turn|2\n|\n|t:|\n|move|p2a: Mew|Stun Spore||[still]\n|-fail|p2a: Mew\n|move|p2b: Mew|Iron Defense|p2b: Mew\n|-boost|p2b: Mew|def|2\n|move|p1b: Mew|Iron Defense|p1b: Mew\n|-boost|p1b: Mew|def|2\n|move|p1a: Mew|Substitute|p1a: Mew\n|-fail|p1a: Mew|move: Substitute\n|\n|upkeep\n|turn|3
substitute_break_and_recoil	102,202,303,404	Mew|||earlybird|substitute|Serious||N|||100|,,,,,Normal]Mew|||earlybird|irondefense|Serious||N|||100|,,,,,Normal	Mew|||earlybird|doubleedge|Serious||N|||100|,,,,,Normal]Mew|||earlybird|irondefense|Serious||N|||100|,,,,,Normal	p1:move 1, move 1;p2:move 1 1, move 1	43021,3109,58946,46182	|t:|\n|gametype|doubles\n|player|p1|Alice||\n|player|p2|Bob||\n|gen|9\n|tier|[Gen 9] Random Doubles Battle\n|rule|Species Clause: Limit one of each Pokémon\n|rule|HP Percentage Mod: HP is shown in percentages\n|rule|Illusion Level Mod: Illusion disguises the Pokémon's true level\n|rule|Sleep Clause Mod: Limit one foe put to sleep\n|\n|t:|\n|teamsize|p1|2\n|teamsize|p2|2\n|start\n|split|p1\n|switch|p1a: Mew|Mew|341/341\n|switch|p1a: Mew|Mew|100/100\n|split|p1\n|switch|p1b: Mew|Mew|341/341\n|switch|p1b: Mew|Mew|100/100\n|split|p2\n|switch|p2a: Mew|Mew|341/341\n|switch|p2a: Mew|Mew|100/100\n|split|p2\n|switch|p2b: Mew|Mew|341/341\n|switch|p2b: Mew|Mew|100/100\n|turn|1\n|\n|t:|\n|move|p1b: Mew|Iron Defense|p1b: Mew\n|-boost|p1b: Mew|def|2\n|move|p2b: Mew|Iron Defense|p2b: Mew\n|-boost|p2b: Mew|def|2\n|move|p1a: Mew|Substitute|p1a: Mew\n|-start|p1a: Mew|Substitute\n|split|p1\n|-damage|p1a: Mew|256/341\n|-damage|p1a: Mew|76/100\n|move|p2a: Mew|Double-Edge|p1a: Mew\n|-end|p1a: Mew|Substitute\n|split|p2\n|-damage|p2a: Mew|313/341|[from] Recoil\n|-damage|p2a: Mew|92/100|[from] Recoil\n|\n|upkeep\n|turn|2
substitute_drain	103,202,303,404	Mew|||earlybird|substitute|Serious||N|||100|,,,,,Normal]Mew|||earlybird|irondefense|Serious||N|||100|,,,,,Normal	Mew|||earlybird|substitute,gigadrain|Serious||N|||100|,,,,,Normal]Mew|||earlybird|irondefense|Serious||N|||100|,,,,,Normal	p1:move 1, move 1;p2:move 1, move 1;p1:move 1, move 1;p2:move 2 1, move 1	2308,24303,3219,5206	|t:|\n|gametype|doubles\n|player|p1|Alice||\n|player|p2|Bob||\n|gen|9\n|tier|[Gen 9] Random Doubles Battle\n|rule|Species Clause: Limit one of each Pokémon\n|rule|HP Percentage Mod: HP is shown in percentages\n|rule|Illusion Level Mod: Illusion disguises the Pokémon's true level\n|rule|Sleep Clause Mod: Limit one foe put to sleep\n|\n|t:|\n|teamsize|p1|2\n|teamsize|p2|2\n|start\n|split|p1\n|switch|p1a: Mew|Mew|341/341\n|switch|p1a: Mew|Mew|100/100\n|split|p1\n|switch|p1b: Mew|Mew|341/341\n|switch|p1b: Mew|Mew|100/100\n|split|p2\n|switch|p2a: Mew|Mew|341/341\n|switch|p2a: Mew|Mew|100/100\n|split|p2\n|switch|p2b: Mew|Mew|341/341\n|switch|p2b: Mew|Mew|100/100\n|turn|1\n|\n|t:|\n|move|p2a: Mew|Substitute|p2a: Mew\n|-start|p2a: Mew|Substitute\n|split|p2\n|-damage|p2a: Mew|256/341\n|-damage|p2a: Mew|76/100\n|move|p2b: Mew|Iron Defense|p2b: Mew\n|-boost|p2b: Mew|def|2\n|move|p1a: Mew|Substitute|p1a: Mew\n|-start|p1a: Mew|Substitute\n|split|p1\n|-damage|p1a: Mew|256/341\n|-damage|p1a: Mew|76/100\n|move|p1b: Mew|Iron Defense|p1b: Mew\n|-boost|p1b: Mew|def|2\n|\n|upkeep\n|turn|2\n|\n|t:|\n|move|p2a: Mew|Giga Drain|p1a: Mew\n|-activate|p1a: Mew|move: Substitute|[damage]\n|split|p2\n|-heal|p2a: Mew|284/341|[from] drain|[of] p1a: Mew\n|-heal|p2a: Mew|84/100|[from] drain|[of] p1a: Mew\n|move|p2b: Mew|Iron Defense|p2b: Mew\n|-boost|p2b: Mew|def|2\n|move|p1b: Mew|Iron Defense|p1b: Mew\n|-boost|p1b: Mew|def|2\n|move|p1a: Mew|Substitute|p1a: Mew\n|-fail|p1a: Mew|move: Substitute\n|\n|upkeep\n|turn|3
substitute_weak	104,202,303,404	Mew|||earlybird|substitute|Serious||N|||100|,,,,,Normal]Mew|||earlybird|irondefense|Serious||N|||100|,,,,,Normal	Rampardos|||earlybird|doubleedge|Serious||N|||100|,,,,,Normal]Mew|||earlybird|irondefense|Serious||N|||100|,,,,,Normal	p1:move 1, move 1;p2:move 1 1, move 1;p1:move 1, move 1;p2:move 1 1, move 1;p1:move 1, move 1;p2:move 1 1, move 1;p1:move 1, move 1;p2:move 1 1, move 1;p1:move 1, move 1;p2:move 1 1, move 1	783,10232,61011,56179	|t:|\n|gametype|doubles\n|player|p1|Alice||\n|player|p2|Bob||\n|gen|9\n|tier|[Gen 9] Random Doubles Battle\n|rule|Species Clause: Limit one of each Pokémon\n|rule|HP Percentage Mod: HP is shown in percentages\n|rule|Illusion Level Mod: Illusion disguises the Pokémon's true level\n|rule|Sleep Clause Mod: Limit one foe put to sleep\n|\n|t:|\n|teamsize|p1|2\n|teamsize|p2|2\n|start\n|split|p1\n|switch|p1a: Mew|Mew|341/341\n|switch|p1a: Mew|Mew|100/100\n|split|p1\n|switch|p1b: Mew|Mew|341/341\n|switch|p1b: Mew|Mew|100/100\n|split|p2\n|switch|p2a: Rampardos|Rampardos|335/335\n|switch|p2a: Rampardos|Rampardos|100/100\n|split|p2\n|switch|p2b: Mew|Mew|341/341\n|switch|p2b: Mew|Mew|100/100\n|turn|1\n|\n|t:|\n|move|p2b: Mew|Iron Defense|p2b: Mew\n|-boost|p2b: Mew|def|2\n|move|p1a: Mew|Substitute|p1a: Mew\n|-start|p1a: Mew|Substitute\n|split|p1\n|-damage|p1a: Mew|256/341\n|-damage|p1a: Mew|76/100\n|move|p1b: Mew|Iron Defense|p1b: Mew\n|-boost|p1b: Mew|def|2\n|move|p2a: Rampardos|Double-Edge|p1a: Mew\n|-end|p1a: Mew|Substitute\n|split|p2\n|-damage|p2a: Rampardos|307/335|[from] Recoil\n|-damage|p2a: Rampardos|92/100|[from] Recoil\n|\n|upkeep\n|turn|2\n|\n|t:|\n|move|p1a: Mew|Substitute|p1a: Mew\n|-start|p1a: Mew|Substitute\n|split|p1\n|-damage|p1a: Mew|171/341\n|-damage|p1a: Mew|51/100\n|move|p1b: Mew|Iron Defense|p1b: Mew\n|-boost|p1b: Mew|def|2\n|move|p2b: Mew|Iron Defense|p2b: Mew\n|-boost|p2b: Mew|def|2\n|move|p2a: Rampardos|Double-Edge|p1a: Mew\n|-crit|p1a: Mew\n|-end|p1a: Mew|Substitute\n|split|p2\n|-damage|p2a: Rampardos|279/335|[from] Recoil\n|-damage|p2a: Rampardos|84/100|[from] Recoil\n|\n|upkeep\n|turn|3\n|\n|t:|\n|move|p1b: Mew|Iron Defense|p1b: Mew\n|-boost|p1b: Mew|def|2\n|move|p1a: Mew|Substitute|p1a: Mew\n|-start|p1a: Mew|Substitute\n|split|p1\n|-damage|p1a: Mew|86/341\n|-damage|p1a: Mew|26/100\n|move|p2b: Mew|Iron Defense|p2b: Mew\n|-boost|p2b: Mew|def|2\n|move|p2a: Rampardos|Double-Edge|p1a: Mew\n|-end|p1a: Mew|Substitute\n|split|p2\n|-damage|p2a: Rampardos|251/335|[from] Recoil\n|-damage|p2a: Rampardos|75/100|[from] Recoil\n|\n|upkeep\n|turn|4\n|\n|t:|\n|move|p2b: Mew|Iron Defense|p2b: Mew\n|-boost|p2b: Mew|def|0\n|move|p1a: Mew|Substitute|p1a: Mew\n|-start|p1a: Mew|Substitute\n|split|p1\n|-damage|p1a: Mew|1/341\n|-damage|p1a: Mew|1/100\n|move|p1b: Mew|Iron Defense|p1b: Mew\n|-boost|p1b: Mew|def|0\n|move|p2a: Rampardos|Double-Edge|p1a: Mew\n|-end|p1a: Mew|Substitute\n|split|p2\n|-damage|p2a: Rampardos|223/335|[from] Recoil\n|-damage|p2a: Rampardos|67/100|[from] Recoil\n|\n|upkeep\n|turn|5\n|\n|t:|\n|move|p1a: Mew|Substitute|p1a: Mew\n|-fail|p1a: Mew|move: Substitute|[weak]\n|move|p1b: Mew|Iron Defense|p1b: Mew\n|-boost|p1b: Mew|def|0\n|move|p2b: Mew|Iron Defense|p2b: Mew\n|-boost|p2b: Mew|def|0\n|move|p2a: Rampardos|Double-Edge|p1a: Mew\n|split|p1\n|-damage|p1a: Mew|0 fnt\n|-damage|p1a: Mew|0 fnt\n|faint|p1a: Mew\n|split|p2\n|-damage|p2a: Rampardos|222/335|[from] Recoil\n|-damage|p2a: Rampardos|67/100|[from] Recoil\n|\n|upkeep\n|turn|6
batonpass_transfer	105,202,303,404	Mew|||earlybird|substitute,irondefense,batonpass|Serious||N|||100|,,,,,Normal]Mew|||earlybird|irondefense|Serious||N|||100|,,,,,Normal]Pikachu|||earlybird|irondefense|Serious||N|||100|,,,,,Normal	Mew|||earlybird|irondefense|Serious||N|||100|,,,,,Normal]Mew|||earlybird|irondefense|Serious||N|||100|,,,,,Normal	p1:move 1, move 1;p2:move 1, move 1;p1:move 2, move 1;p2:move 1, move 1;p1:move 3, move 1;p2:move 1, move 1;p1:switch 3, pass	1540,10232,61011,56179	|t:|\n|gametype|doubles\n|player|p1|Alice||\n|player|p2|Bob||\n|gen|9\n|tier|[Gen 9] Random Doubles Battle\n|rule|Species Clause: Limit one of each Pokémon\n|rule|HP Percentage Mod: HP is shown in percentages\n|rule|Illusion Level Mod: Illusion disguises the Pokémon's true level\n|rule|Sleep Clause Mod: Limit one foe put to sleep\n|\n|t:|\n|teamsize|p1|3\n|teamsize|p2|2\n|start\n|split|p1\n|switch|p1a: Mew|Mew|341/341\n|switch|p1a: Mew|Mew|100/100\n|split|p1\n|switch|p1b: Mew|Mew|341/341\n|switch|p1b: Mew|Mew|100/100\n|split|p2\n|switch|p2a: Mew|Mew|341/341\n|switch|p2a: Mew|Mew|100/100\n|split|p2\n|switch|p2b: Mew|Mew|341/341\n|switch|p2b: Mew|Mew|100/100\n|turn|1\n|\n|t:|\n|move|p2a: Mew|Iron Defense|p2a: Mew\n|-boost|p2a: Mew|def|2\n|move|p2b: Mew|Iron Defense|p2b: Mew\n|-boost|p2b: Mew|def|2\n|move|p1a: Mew|Substitute|p1a: Mew\n|-start|p1a: Mew|Substitute\n|split|p1\n|-damage|p1a: Mew|256/341\n|-damage|p1a: Mew|76/100\n|move|p1b: Mew|Iron Defense|p1b: Mew\n|-boost|p1b: Mew|def|2\n|\n|upkeep\n|turn|2\n|\n|t:|\n|move|p2a: Mew|Iron Defense|p2a: Mew\n|-boost|p2a: Mew|def|2\n|move|p1b: Mew|Iron Defense|p1b: Mew\n|-boost|p1b: Mew|def|2\n|move|p2b: Mew|Iron Defense|p2b: Mew\n|-boost|p2b: Mew|def|2\n|move|p1a: Mew|Iron Defense|p1a: Mew\n|-boost|p1a: Mew|def|2\n|\n|upkeep\n|turn|3\n|\n|t:|\n|move|p2a: Mew|Iron Defense|p2a: Mew\n|-boost|p2a: Mew|def|2\n|move|p1b: Mew|Iron Defense|p1b: Mew\n|-boost|p1b: Mew|def|2\n|move|p1a: Mew|Baton Pass|p1a: Mew\n|\n|t:|\n|split|p1\n|switch|p1a: Pikachu|Pikachu|211/211|[from] Baton Pass\n|switch|p1a: Pikachu|Pikachu|100/100|[from] Baton Pass\n|move|p2b: Mew|Iron Defense|p2b: Mew\n|-boost|p2b: Mew|def|2\n|\n|upkeep\n|turn|4
batonpass_no_bench	106,202,303,404	Mew|||earlybird|batonpass|Serious||N|||100|,,,,,Normal]Mew|||earlybird|irondefense|Serious||N|||100|,,,,,Normal	Mew|||earlybird|irondefense|Serious||N|||100|,,,,,Normal]Mew|||earlybird|irondefense|Serious||N|||100|,,,,,Normal	p1:move 1, move 1;p2:move 1, move 1	571,64559,52744,42335	|t:|\n|gametype|doubles\n|player|p1|Alice||\n|player|p2|Bob||\n|gen|9\n|tier|[Gen 9] Random Doubles Battle\n|rule|Species Clause: Limit one of each Pokémon\n|rule|HP Percentage Mod: HP is shown in percentages\n|rule|Illusion Level Mod: Illusion disguises the Pokémon's true level\n|rule|Sleep Clause Mod: Limit one foe put to sleep\n|\n|t:|\n|teamsize|p1|2\n|teamsize|p2|2\n|start\n|split|p1\n|switch|p1a: Mew|Mew|341/341\n|switch|p1a: Mew|Mew|100/100\n|split|p1\n|switch|p1b: Mew|Mew|341/341\n|switch|p1b: Mew|Mew|100/100\n|split|p2\n|switch|p2a: Mew|Mew|341/341\n|switch|p2a: Mew|Mew|100/100\n|split|p2\n|switch|p2b: Mew|Mew|341/341\n|switch|p2b: Mew|Mew|100/100\n|turn|1\n|\n|t:|\n|move|p1a: Mew|Baton Pass||[still]\n|-fail|p1a: Mew\n|move|p1b: Mew|Iron Defense|p1b: Mew\n|-boost|p1b: Mew|def|2\n|move|p2b: Mew|Iron Defense|p2b: Mew\n|-boost|p2b: Mew|def|2\n|move|p2a: Mew|Iron Defense|p2a: Mew\n|-boost|p2a: Mew|def|2\n|\n|upkeep\n|turn|2
shedtail_transfer	107,202,303,404	Mew|||earlybird|shedtail|Serious||N|||100|,,,,,Normal]Mew|||earlybird|irondefense|Serious||N|||100|,,,,,Normal]Pikachu|||earlybird|irondefense|Serious||N|||100|,,,,,Normal	Mew|||earlybird|irondefense|Serious||N|||100|,,,,,Normal]Mew|||earlybird|irondefense|Serious||N|||100|,,,,,Normal	p1:move 1, move 1;p2:move 1, move 1;p1:switch 3, pass	19719,57137,26404,48626	|t:|\n|gametype|doubles\n|player|p1|Alice||\n|player|p2|Bob||\n|gen|9\n|tier|[Gen 9] Random Doubles Battle\n|rule|Species Clause: Limit one of each Pokémon\n|rule|HP Percentage Mod: HP is shown in percentages\n|rule|Illusion Level Mod: Illusion disguises the Pokémon's true level\n|rule|Sleep Clause Mod: Limit one foe put to sleep\n|\n|t:|\n|teamsize|p1|3\n|teamsize|p2|2\n|start\n|split|p1\n|switch|p1a: Mew|Mew|341/341\n|switch|p1a: Mew|Mew|100/100\n|split|p1\n|switch|p1b: Mew|Mew|341/341\n|switch|p1b: Mew|Mew|100/100\n|split|p2\n|switch|p2a: Mew|Mew|341/341\n|switch|p2a: Mew|Mew|100/100\n|split|p2\n|switch|p2b: Mew|Mew|341/341\n|switch|p2b: Mew|Mew|100/100\n|turn|1\n|\n|t:|\n|move|p1b: Mew|Iron Defense|p1b: Mew\n|-boost|p1b: Mew|def|2\n|move|p1a: Mew|Shed Tail|p1a: Mew\n|-start|p1a: Mew|Substitute|[from] move: Shed Tail\n|split|p1\n|-damage|p1a: Mew|170/341\n|-damage|p1a: Mew|50/100\n|\n|t:|\n|split|p1\n|switch|p1a: Pikachu|Pikachu|211/211|[from] Shed Tail\n|switch|p1a: Pikachu|Pikachu|100/100|[from] Shed Tail\n|move|p2a: Mew|Iron Defense|p2a: Mew\n|-boost|p2a: Mew|def|2\n|move|p2b: Mew|Iron Defense|p2b: Mew\n|-boost|p2b: Mew|def|2\n|\n|upkeep\n|turn|2
shedtail_weak	108,202,303,404	Mew|||earlybird|shedtail|Serious||N|||100|,,,,,Normal]Mew|||earlybird|irondefense|Serious||N|||100|,,,,,Normal]Mew|||earlybird|irondefense|Serious||N|||100|,,,,,Normal	Mew|||earlybird|irondefense|Serious||N|||100|,,,,,Normal]Mew|||earlybird|irondefense|Serious||N|||100|,,,,,Normal	p1:move 1, move 1;p2:move 1, move 1;p1:switch 3, pass;p1:switch 3, move 1;p2:move 1, move 1;p1:move 1, move 1;p2:move 1, move 1	3811,10232,61011,56179	|t:|\n|gametype|doubles\n|player|p1|Alice||\n|player|p2|Bob||\n|gen|9\n|tier|[Gen 9] Random Doubles Battle\n|rule|Species Clause: Limit one of each Pokémon\n|rule|HP Percentage Mod: HP is shown in percentages\n|rule|Illusion Level Mod: Illusion disguises the Pokémon's true level\n|rule|Sleep Clause Mod: Limit one foe put to sleep\n|\n|t:|\n|teamsize|p1|3\n|teamsize|p2|2\n|start\n|split|p1\n|switch|p1a: Mew|Mew|341/341\n|switch|p1a: Mew|Mew|100/100\n|split|p1\n|switch|p1b: Mew|Mew|341/341\n|switch|p1b: Mew|Mew|100/100\n|split|p2\n|switch|p2a: Mew|Mew|341/341\n|switch|p2a: Mew|Mew|100/100\n|split|p2\n|switch|p2b: Mew|Mew|341/341\n|switch|p2b: Mew|Mew|100/100\n|turn|1\n|\n|t:|\n|move|p1b: Mew|Iron Defense|p1b: Mew\n|-boost|p1b: Mew|def|2\n|move|p2b: Mew|Iron Defense|p2b: Mew\n|-boost|p2b: Mew|def|2\n|move|p1a: Mew|Shed Tail|p1a: Mew\n|-start|p1a: Mew|Substitute|[from] move: Shed Tail\n|split|p1\n|-damage|p1a: Mew|170/341\n|-damage|p1a: Mew|50/100\n|\n|t:|\n|split|p1\n|switch|p1a: Mew|Mew|341/341|[from] Shed Tail\n|switch|p1a: Mew|Mew|100/100|[from] Shed Tail\n|move|p2a: Mew|Iron Defense|p2a: Mew\n|-boost|p2a: Mew|def|2\n|\n|upkeep\n|turn|2\n|\n|t:|\n|split|p1\n|switch|p1a: Mew|Mew|170/341\n|switch|p1a: Mew|Mew|50/100\n|move|p2b: Mew|Iron Defense|p2b: Mew\n|-boost|p2b: Mew|def|2\n|move|p1b: Mew|Iron Defense|p1b: Mew\n|-boost|p1b: Mew|def|2\n|move|p2a: Mew|Iron Defense|p2a: Mew\n|-boost|p2a: Mew|def|2\n|\n|upkeep\n|turn|3\n|\n|t:|\n|move|p1b: Mew|Iron Defense|p1b: Mew\n|-boost|p1b: Mew|def|2\n|move|p2a: Mew|Iron Defense|p2a: Mew\n|-boost|p2a: Mew|def|2\n|move|p2b: Mew|Iron Defense|p2b: Mew\n|-boost|p2b: Mew|def|2\n|move|p1a: Mew|Shed Tail|p1a: Mew\n|-fail|p1a: Mew|move: Shed Tail|[weak]\n|\n|upkeep\n|turn|4
magicbounce_status	109,202,303,404	Mew|||earlybird|stunspore|Serious||N|||100|,,,,,Normal]Mew|||earlybird|irondefense|Serious||N|||100|,,,,,Normal	Mew|||magicbounce|irondefense|Serious||N|||100|,,,,,Normal]Mew|||earlybird|irondefense|Serious||N|||100|,,,,,Normal	p1:move 1 1, move 1;p2:move 1, move 1	40522,64559,52744,42335	|t:|\n|gametype|doubles\n|player|p1|Alice||\n|player|p2|Bob||\n|gen|9\n|tier|[Gen 9] Random Doubles Battle\n|rule|Species Clause: Limit one of each Pokémon\n|rule|HP Percentage Mod: HP is shown in percentages\n|rule|Illusion Level Mod: Illusion disguises the Pokémon's true level\n|rule|Sleep Clause Mod: Limit one foe put to sleep\n|\n|t:|\n|teamsize|p1|2\n|teamsize|p2|2\n|start\n|split|p1\n|switch|p1a: Mew|Mew|341/341\n|switch|p1a: Mew|Mew|100/100\n|split|p1\n|switch|p1b: Mew|Mew|341/341\n|switch|p1b: Mew|Mew|100/100\n|split|p2\n|switch|p2a: Mew|Mew|341/341\n|switch|p2a: Mew|Mew|100/100\n|split|p2\n|switch|p2b: Mew|Mew|341/341\n|switch|p2b: Mew|Mew|100/100\n|turn|1\n|\n|t:|\n|move|p2a: Mew|Iron Defense|p2a: Mew\n|-boost|p2a: Mew|def|2\n|move|p1a: Mew|Stun Spore|p2a: Mew\n|move|p2a: Mew|Stun Spore|p1a: Mew|[from] ability: Magic Bounce\n|-status|p1a: Mew|par\n|move|p1b: Mew|Iron Defense|p1b: Mew\n|-boost|p1b: Mew|def|2\n|move|p2b: Mew|Iron Defense|p2b: Mew\n|-boost|p2b: Mew|def|2\n|\n|upkeep\n|turn|2
magicbounce_side_once	110,202,303,404	Mew|||earlybird|spikes|Serious||N|||100|,,,,,Normal]Mew|||earlybird|irondefense|Serious||N|||100|,,,,,Normal	Mew|||magicbounce|irondefense|Serious||N|||100|,,,,,Normal]Mew|||magicbounce|irondefense|Serious||N|||100|,,,,,Normal	p1:move 1, move 1;p2:move 1, move 1	9538,57137,26404,48626	|t:|\n|gametype|doubles\n|player|p1|Alice||\n|player|p2|Bob||\n|gen|9\n|tier|[Gen 9] Random Doubles Battle\n|rule|Species Clause: Limit one of each Pokémon\n|rule|HP Percentage Mod: HP is shown in percentages\n|rule|Illusion Level Mod: Illusion disguises the Pokémon's true level\n|rule|Sleep Clause Mod: Limit one foe put to sleep\n|\n|t:|\n|teamsize|p1|2\n|teamsize|p2|2\n|start\n|split|p1\n|switch|p1a: Mew|Mew|341/341\n|switch|p1a: Mew|Mew|100/100\n|split|p1\n|switch|p1b: Mew|Mew|341/341\n|switch|p1b: Mew|Mew|100/100\n|split|p2\n|switch|p2a: Mew|Mew|341/341\n|switch|p2a: Mew|Mew|100/100\n|split|p2\n|switch|p2b: Mew|Mew|341/341\n|switch|p2b: Mew|Mew|100/100\n|turn|1\n|\n|t:|\n|move|p1a: Mew|Spikes|p2b: Mew\n|move|p2b: Mew|Spikes|p1a: Mew|[from] ability: Magic Bounce\n|-sidestart|p1: Alice|Spikes\n|move|p2b: Mew|Iron Defense|p2b: Mew\n|-boost|p2b: Mew|def|2\n|move|p2a: Mew|Iron Defense|p2a: Mew\n|-boost|p2a: Mew|def|2\n|move|p1b: Mew|Iron Defense|p1b: Mew\n|-boost|p1b: Mew|def|2\n|\n|upkeep\n|turn|2
magicbounce_partingshot	111,202,303,404	Mew|||earlybird|partingshot|Serious||N|||100|,,,,,Normal]Mew|||earlybird|irondefense|Serious||N|||100|,,,,,Normal]Mew|||earlybird|irondefense|Serious||N|||100|,,,,,Normal	Mew|||magicbounce|irondefense|Serious||N|||100|,,,,,Normal]Mew|||earlybird|irondefense|Serious||N|||100|,,,,,Normal]Mew|||earlybird|irondefense|Serious||N|||100|,,,,,Normal	p1:move 1 1, move 1;p2:move 1, move 1;p2:switch 3, pass	62019,4734,21900,20079	|t:|\n|gametype|doubles\n|player|p1|Alice||\n|player|p2|Bob||\n|gen|9\n|tier|[Gen 9] Random Doubles Battle\n|rule|Species Clause: Limit one of each Pokémon\n|rule|HP Percentage Mod: HP is shown in percentages\n|rule|Illusion Level Mod: Illusion disguises the Pokémon's true level\n|rule|Sleep Clause Mod: Limit one foe put to sleep\n|\n|t:|\n|teamsize|p1|3\n|teamsize|p2|3\n|start\n|split|p1\n|switch|p1a: Mew|Mew|341/341\n|switch|p1a: Mew|Mew|100/100\n|split|p1\n|switch|p1b: Mew|Mew|341/341\n|switch|p1b: Mew|Mew|100/100\n|split|p2\n|switch|p2a: Mew|Mew|341/341\n|switch|p2a: Mew|Mew|100/100\n|split|p2\n|switch|p2b: Mew|Mew|341/341\n|switch|p2b: Mew|Mew|100/100\n|turn|1\n|\n|t:|\n|move|p1b: Mew|Iron Defense|p1b: Mew\n|-boost|p1b: Mew|def|2\n|move|p2a: Mew|Iron Defense|p2a: Mew\n|-boost|p2a: Mew|def|2\n|move|p2b: Mew|Iron Defense|p2b: Mew\n|-boost|p2b: Mew|def|2\n|move|p1a: Mew|Parting Shot|p2a: Mew\n|move|p2a: Mew|Parting Shot|p1a: Mew|[from] ability: Magic Bounce\n|-unboost|p1a: Mew|atk|1\n|-unboost|p1a: Mew|spa|1\n|\n|t:|\n|split|p2\n|switch|p2a: Mew|Mew|341/341|[from] Parting Shot\n|switch|p2a: Mew|Mew|100/100|[from] Parting Shot\n|\n|upkeep\n|turn|2
instruct_repeat_target	112,202,303,404	Mew|||earlybird|shadowball|Serious||N|||100|,,,,,Normal]Oranguru|||earlybird|instruct|Serious||N|||100|,,,,,Normal	Mew|||earlybird|irondefense|Serious||N|||100|,,,,,Normal]Mew|||earlybird|irondefense|Serious||N|||100|,,,,,Normal	p1:move 1 2, move 1 -1;p2:move 1, move 1	45487,817,16917,42229	|t:|\n|gametype|doubles\n|player|p1|Alice||\n|player|p2|Bob||\n|gen|9\n|tier|[Gen 9] Random Doubles Battle\n|rule|Species Clause: Limit one of each Pokémon\n|rule|HP Percentage Mod: HP is shown in percentages\n|rule|Illusion Level Mod: Illusion disguises the Pokémon's true level\n|rule|Sleep Clause Mod: Limit one foe put to sleep\n|\n|t:|\n|teamsize|p1|2\n|teamsize|p2|2\n|start\n|split|p1\n|switch|p1a: Mew|Mew|341/341\n|switch|p1a: Mew|Mew|100/100\n|split|p1\n|switch|p1b: Oranguru|Oranguru|321/321\n|switch|p1b: Oranguru|Oranguru|100/100\n|split|p2\n|switch|p2a: Mew|Mew|341/341\n|switch|p2a: Mew|Mew|100/100\n|split|p2\n|switch|p2b: Mew|Mew|341/341\n|switch|p2b: Mew|Mew|100/100\n|turn|1\n|\n|t:|\n|move|p1a: Mew|Shadow Ball|p2b: Mew\n|-supereffective|p2b: Mew\n|split|p2\n|-damage|p2b: Mew|225/341\n|-damage|p2b: Mew|66/100\n|move|p2a: Mew|Iron Defense|p2a: Mew\n|-boost|p2a: Mew|def|2\n|move|p2b: Mew|Iron Defense|p2b: Mew\n|-boost|p2b: Mew|def|2\n|move|p1b: Oranguru|Instruct|p1a: Mew\n|-singleturn|p1a: Mew|move: Instruct|[of] p1b: Oranguru\n|move|p1a: Mew|Shadow Ball|p2b: Mew\n|-supereffective|p2b: Mew\n|split|p2\n|-damage|p2b: Mew|87/341\n|-damage|p2b: Mew|26/100\n|-unboost|p2b: Mew|spd|1\n|\n|upkeep\n|turn|2
instruct_missing_lastmove	113,202,303,404	Mew|||earlybird|instruct|Serious||N|||100|,,,,,Normal]Oranguru|||earlybird|irondefense|Serious||N|||100|,,,,,Normal	Mew|||earlybird|irondefense|Serious||N|||100|,,,,,Normal]Mew|||earlybird|irondefense|Serious||N|||100|,,,,,Normal	p1:move 1 -2, move 1;p2:move 1, move 1	19526,1900,23257,8043	|t:|\n|gametype|doubles\n|player|p1|Alice||\n|player|p2|Bob||\n|gen|9\n|tier|[Gen 9] Random Doubles Battle\n|rule|Species Clause: Limit one of each Pokémon\n|rule|HP Percentage Mod: HP is shown in percentages\n|rule|Illusion Level Mod: Illusion disguises the Pokémon's true level\n|rule|Sleep Clause Mod: Limit one foe put to sleep\n|\n|t:|\n|teamsize|p1|2\n|teamsize|p2|2\n|start\n|split|p1\n|switch|p1a: Mew|Mew|341/341\n|switch|p1a: Mew|Mew|100/100\n|split|p1\n|switch|p1b: Oranguru|Oranguru|321/321\n|switch|p1b: Oranguru|Oranguru|100/100\n|split|p2\n|switch|p2a: Mew|Mew|341/341\n|switch|p2a: Mew|Mew|100/100\n|split|p2\n|switch|p2b: Mew|Mew|341/341\n|switch|p2b: Mew|Mew|100/100\n|turn|1\n|\n|t:|\n|move|p2a: Mew|Iron Defense|p2a: Mew\n|-boost|p2a: Mew|def|2\n|move|p2b: Mew|Iron Defense|p2b: Mew\n|-boost|p2b: Mew|def|2\n|move|p1a: Mew|Instruct||[still]\n|-fail|p1a: Mew\n|move|p1b: Oranguru|Iron Defense|p1b: Oranguru\n|-boost|p1b: Oranguru|def|2\n|\n|upkeep\n|turn|2
revival_no_fainted	114,202,303,404	Mew|||earlybird|revivalblessing|Serious||N|||100|,,,,,Normal]Mew|||earlybird|irondefense|Serious||N|||100|,,,,,Normal	Mew|||earlybird|irondefense|Serious||N|||100|,,,,,Normal]Mew|||earlybird|irondefense|Serious||N|||100|,,,,,Normal	p1:move 1, move 1;p2:move 1, move 1	41571,64559,52744,42335	|t:|\n|gametype|doubles\n|player|p1|Alice||\n|player|p2|Bob||\n|gen|9\n|tier|[Gen 9] Random Doubles Battle\n|rule|Species Clause: Limit one of each Pokémon\n|rule|HP Percentage Mod: HP is shown in percentages\n|rule|Illusion Level Mod: Illusion disguises the Pokémon's true level\n|rule|Sleep Clause Mod: Limit one foe put to sleep\n|\n|t:|\n|teamsize|p1|2\n|teamsize|p2|2\n|start\n|split|p1\n|switch|p1a: Mew|Mew|341/341\n|switch|p1a: Mew|Mew|100/100\n|split|p1\n|switch|p1b: Mew|Mew|341/341\n|switch|p1b: Mew|Mew|100/100\n|split|p2\n|switch|p2a: Mew|Mew|341/341\n|switch|p2a: Mew|Mew|100/100\n|split|p2\n|switch|p2b: Mew|Mew|341/341\n|switch|p2b: Mew|Mew|100/100\n|turn|1\n|\n|t:|\n|move|p2a: Mew|Iron Defense|p2a: Mew\n|-boost|p2a: Mew|def|2\n|move|p1a: Mew|Revival Blessing||[still]\n|-fail|p1a: Mew\n|move|p1b: Mew|Iron Defense|p1b: Mew\n|-boost|p1b: Mew|def|2\n|move|p2b: Mew|Iron Defense|p2b: Mew\n|-boost|p2b: Mew|def|2\n|\n|upkeep\n|turn|2
revival_success	115,202,303,404	Mew|||earlybird|revivalblessing,irondefense|Serious||N|||100|,,,,,Normal]Pikachu|||earlybird|irondefense|Serious||M|||1|,,,,,Normal]Mew|||earlybird|irondefense|Serious||N|||100|,,,,,Normal	Mew|||earlybird|irondefense|Serious||N|||100|,,,,,Normal]Mew|||earlybird|shadowball|Serious||N|||100|,,,,,Normal	p1:move 2, move 1;p2:move 1, move 1 2;p1:pass, switch 3;p1:move 1, move 1;p2:move 1, move 1 2;p1:switch 3, pass	56073,13490,50779,33587	|t:|\n|gametype|doubles\n|player|p1|Alice||\n|player|p2|Bob||\n|gen|9\n|tier|[Gen 9] Random Doubles Battle\n|rule|Species Clause: Limit one of each Pokémon\n|rule|HP Percentage Mod: HP is shown in percentages\n|rule|Illusion Level Mod: Illusion disguises the Pokémon's true level\n|rule|Sleep Clause Mod: Limit one foe put to sleep\n|\n|t:|\n|teamsize|p1|3\n|teamsize|p2|2\n|start\n|split|p1\n|switch|p1a: Mew|Mew|341/341\n|switch|p1a: Mew|Mew|100/100\n|split|p1\n|switch|p1b: Pikachu|Pikachu, L1, M|12/12\n|switch|p1b: Pikachu|Pikachu, L1, M|100/100\n|split|p2\n|switch|p2a: Mew|Mew|341/341\n|switch|p2a: Mew|Mew|100/100\n|split|p2\n|switch|p2b: Mew|Mew|341/341\n|switch|p2b: Mew|Mew|100/100\n|turn|1\n|\n|t:|\n|move|p2b: Mew|Shadow Ball|p1b: Pikachu\n|split|p1\n|-damage|p1b: Pikachu|0 fnt\n|-damage|p1b: Pikachu|0 fnt\n|faint|p1b: Pikachu\n|move|p2a: Mew|Iron Defense|p2a: Mew\n|-boost|p2a: Mew|def|2\n|move|p1a: Mew|Iron Defense|p1a: Mew\n|-boost|p1a: Mew|def|2\n|\n|upkeep\n|\n|t:|\n|split|p1\n|switch|p1b: Mew|Mew|341/341\n|switch|p1b: Mew|Mew|100/100\n|turn|2\n|\n|t:|\n|move|p2b: Mew|Shadow Ball|p1b: Mew\n|-supereffective|p1b: Mew\n|split|p1\n|-damage|p1b: Mew|221/341\n|-damage|p1b: Mew|65/100\n|move|p1a: Mew|Revival Blessing|p1a: Mew\n|\n|t:|\n|split|p1\n|-heal|p1: Pikachu|6/12|[from] move: Revival Blessing\n|-heal|p1: Pikachu|50/100|[from] move: Revival Blessing\n|move|p2a: Mew|Iron Defense|p2a: Mew\n|-boost|p2a: Mew|def|2\n|move|p1b: Mew|Iron Defense|p1b: Mew\n|-boost|p1b: Mew|def|2\n|\n|upkeep\n|turn|3
