# kind	...fields (see tools/probes/hazards_screens/vectors.mjs)
S	reflect	4096	Physical	0	0	1	0	0	0	2732	undefined
S	reflect	4096	Physical	0	0	1	1	0	0	4096	undefined
S	reflect	4096	Physical	0	0	0	0	0	0	4096	undefined
S	reflect	4096	Physical	0	0	0	1	0	0	4096	undefined
S	reflect	4096	Physical	0	1	1	0	0	0	4096	undefined
S	reflect	4096	Physical	0	1	1	1	0	0	4096	undefined
S	reflect	4096	Physical	0	1	0	0	0	0	4096	undefined
S	reflect	4096	Physical	0	1	0	1	0	0	4096	undefined
S	reflect	4096	Physical	1	0	1	0	0	0	4096	undefined
S	reflect	4096	Physical	1	0	1	1	0	0	4096	undefined
S	reflect	4096	Physical	1	0	0	0	0	0	4096	undefined
S	reflect	4096	Physical	1	0	0	1	0	0	4096	undefined
S	reflect	4096	Physical	1	1	1	0	0	0	4096	undefined
S	reflect	4096	Physical	1	1	1	1	0	0	4096	undefined
S	reflect	4096	Physical	1	1	0	0	0	0	4096	undefined
S	reflect	4096	Physical	1	1	0	1	0	0	4096	undefined
S	reflect	4096	Special	0	0	1	0	0	0	4096	undefined
S	reflect	4096	Special	0	0	1	1	0	0	4096	undefined
S	reflect	4096	Special	0	0	0	0	0	0	4096	undefined
S	reflect	4096	Special	0	0	0	1	0	0	4096	undefined
S	reflect	4096	Special	0	1	1	0	0	0	4096	undefined
S	reflect	4096	Special	0	1	1	1	0	0	4096	undefined
S	reflect	4096	Special	0	1	0	0	0	0	4096	undefined
S	reflect	4096	Special	0	1	0	1	0	0	4096	undefined
S	reflect	4096	Special	1	0	1	0	0	0	4096	undefined
S	reflect	4096	Special	1	0	1	1	0	0	4096	undefined
S	reflect	4096	Special	1	0	0	0	0	0	4096	undefined
S	reflect	4096	Special	1	0	0	1	0	0	4096	undefined
S	reflect	4096	Special	1	1	1	0	0	0	4096	undefined
S	reflect	4096	Special	1	1	1	1	0	0	4096	undefined
S	reflect	4096	Special	1	1	0	0	0	0	4096	undefined
S	reflect	4096	Special	1	1	0	1	0	0	4096	undefined
S	reflect	4096	Status	0	0	1	0	0	0	4096	undefined
S	reflect	4096	Status	0	0	1	1	0	0	4096	undefined
S	reflect	4096	Status	0	0	0	0	0	0	4096	undefined
S	reflect	4096	Status	0	0	0	1	0	0	4096	undefined
S	reflect	4096	Status	0	1	1	0	0	0	4096	undefined
S	reflect	4096	Status	0	1	1	1	0	0	4096	undefined
S	reflect	4096	Status	0	1	0	0	0	0	4096	undefined
S	reflect	4096	Status	0	1	0	1	0	0	4096	undefined
S	reflect	4096	Status	1	0	1	0	0	0	4096	undefined
S	reflect	4096	Status	1	0	1	1	0	0	4096	undefined
S	reflect	4096	Status	1	0	0	0	0	0	4096	undefined
S	reflect	4096	Status	1	0	0	1	0	0	4096	undefined
S	reflect	4096	Status	1	1	1	0	0	0	4096	undefined
S	reflect	4096	Status	1	1	1	1	0	0	4096	undefined
S	reflect	4096	Status	1	1	0	0	0	0	4096	undefined
S	reflect	4096	Status	1	1	0	1	0	0	4096	undefined
S	reflect	6144	Physical	0	0	1	0	0	0	4098	undefined
S	reflect	6144	Physical	0	0	1	1	0	0	6144	undefined
S	reflect	6144	Physical	0	0	0	0	0	0	6144	undefined
S	reflect	6144	Physical	0	0	0	1	0	0	6144	undefined
S	reflect	6144	Physical	0	1	1	0	0	0	6144	undefined
S	reflect	6144	Physical	0	1	1	1	0	0	6144	undefined
S	reflect	6144	Physical	0	1	0	0	0	0	6144	undefined
S	reflect	6144	Physical	0	1	0	1	0	0	6144	undefined
S	reflect	6144	Physical	1	0	1	0	0	0	6144	undefined
S	reflect	6144	Physical	1	0	1	1	0	0	6144	undefined
S	reflect	6144	Physical	1	0	0	0	0	0	6144	undefined
S	reflect	6144	Physical	1	0	0	1	0	0	6144	undefined
S	reflect	6144	Physical	1	1	1	0	0	0	6144	undefined
S	reflect	6144	Physical	1	1	1	1	0	0	6144	undefined
S	reflect	6144	Physical	1	1	0	0	0	0	6144	undefined
S	reflect	6144	Physical	1	1	0	1	0	0	6144	undefined
S	reflect	6144	Special	0	0	1	0	0	0	6144	undefined
S	reflect	6144	Special	0	0	1	1	0	0	6144	undefined
S	reflect	6144	Special	0	0	0	0	0	0	6144	undefined
S	reflect	6144	Special	0	0	0	1	0	0	6144	undefined
S	reflect	6144	Special	0	1	1	0	0	0	6144	undefined
S	reflect	6144	Special	0	1	1	1	0	0	6144	undefined
S	reflect	6144	Special	0	1	0	0	0	0	6144	undefined
S	reflect	6144	Special	0	1	0	1	0	0	6144	undefined
S	reflect	6144	Special	1	0	1	0	0	0	6144	undefined
S	reflect	6144	Special	1	0	1	1	0	0	6144	undefined
S	reflect	6144	Special	1	0	0	0	0	0	6144	undefined
S	reflect	6144	Special	1	0	0	1	0	0	6144	undefined
S	reflect	6144	Special	1	1	1	0	0	0	6144	undefined
S	reflect	6144	Special	1	1	1	1	0	0	6144	undefined
S	reflect	6144	Special	1	1	0	0	0	0	6144	undefined
S	reflect	6144	Special	1	1	0	1	0	0	6144	undefined
S	reflect	6144	Status	0	0	1	0	0	0	6144	undefined
S	reflect	6144	Status	0	0	1	1	0	0	6144	undefined
S	reflect	6144	Status	0	0	0	0	0	0	6144	undefined
S	reflect	6144	Status	0	0	0	1	0	0	6144	undefined
S	reflect	6144	Status	0	1	1	0	0	0	6144	undefined
S	reflect	6144	Status	0	1	1	1	0	0	6144	undefined
S	reflect	6144	Status	0	1	0	0	0	0	6144	undefined
S	reflect	6144	Status	0	1	0	1	0	0	6144	undefined
S	reflect	6144	Status	1	0	1	0	0	0	6144	undefined
S	reflect	6144	Status	1	0	1	1	0	0	6144	undefined
S	reflect	6144	Status	1	0	0	0	0	0	6144	undefined
S	reflect	6144	Status	1	0	0	1	0	0	6144	undefined
S	reflect	6144	Status	1	1	1	0	0	0	6144	undefined
S	reflect	6144	Status	1	1	1	1	0	0	6144	undefined
S	reflect	6144	Status	1	1	0	0	0	0	6144	undefined
S	reflect	6144	Status	1	1	0	1	0	0	6144	undefined
S	lightscreen	4096	Physical	0	0	1	0	0	0	4096	undefined
S	lightscreen	4096	Physical	0	0	1	1	0	0	4096	undefined
S	lightscreen	4096	Physical	0	0	0	0	0	0	4096	undefined
S	lightscreen	4096	Physical	0	0	0	1	0	0	4096	undefined
S	lightscreen	4096	Physical	0	1	1	0	0	0	4096	undefined
S	lightscreen	4096	Physical	0	1	1	1	0	0	4096	undefined
S	lightscreen	4096	Physical	0	1	0	0	0	0	4096	undefined
S	lightscreen	4096	Physical	0	1	0	1	0	0	4096	undefined
S	lightscreen	4096	Physical	1	0	1	0	0	0	4096	undefined
S	lightscreen	4096	Physical	1	0	1	1	0	0	4096	undefined
S	lightscreen	4096	Physical	1	0	0	0	0	0	4096	undefined
S	lightscreen	4096	Physical	1	0	0	1	0	0	4096	undefined
S	lightscreen	4096	Physical	1	1	1	0	0	0	4096	undefined
S	lightscreen	4096	Physical	1	1	1	1	0	0	4096	undefined
S	lightscreen	4096	Physical	1	1	0	0	0	0	4096	undefined
S	lightscreen	4096	Physical	1	1	0	1	0	0	4096	undefined
S	lightscreen	4096	Special	0	0	1	0	0	0	2732	undefined
S	lightscreen	4096	Special	0	0	1	1	0	0	4096	undefined
S	lightscreen	4096	Special	0	0	0	0	0	0	4096	undefined
S	lightscreen	4096	Special	0	0	0	1	0	0	4096	undefined
S	lightscreen	4096	Special	0	1	1	0	0	0	4096	undefined
S	lightscreen	4096	Special	0	1	1	1	0	0	4096	undefined
S	lightscreen	4096	Special	0	1	0	0	0	0	4096	undefined
S	lightscreen	4096	Special	0	1	0	1	0	0	4096	undefined
S	lightscreen	4096	Special	1	0	1	0	0	0	4096	undefined
S	lightscreen	4096	Special	1	0	1	1	0	0	4096	undefined
S	lightscreen	4096	Special	1	0	0	0	0	0	4096	undefined
S	lightscreen	4096	Special	1	0	0	1	0	0	4096	undefined
S	lightscreen	4096	Special	1	1	1	0	0	0	4096	undefined
S	lightscreen	4096	Special	1	1	1	1	0	0	4096	undefined
S	lightscreen	4096	Special	1	1	0	0	0	0	4096	undefined
S	lightscreen	4096	Special	1	1	0	1	0	0	4096	undefined
S	lightscreen	4096	Status	0	0	1	0	0	0	4096	undefined
S	lightscreen	4096	Status	0	0	1	1	0	0	4096	undefined
S	lightscreen	4096	Status	0	0	0	0	0	0	4096	undefined
S	lightscreen	4096	Status	0	0	0	1	0	0	4096	undefined
S	lightscreen	4096	Status	0	1	1	0	0	0	4096	undefined
S	lightscreen	4096	Status	0	1	1	1	0	0	4096	undefined
S	lightscreen	4096	Status	0	1	0	0	0	0	4096	undefined
S	lightscreen	4096	Status	0	1	0	1	0	0	4096	undefined
S	lightscreen	4096	Status	1	0	1	0	0	0	4096	undefined
S	lightscreen	4096	Status	1	0	1	1	0	0	4096	undefined
S	lightscreen	4096	Status	1	0	0	0	0	0	4096	undefined
S	lightscreen	4096	Status	1	0	0	1	0	0	4096	undefined
S	lightscreen	4096	Status	1	1	1	0	0	0	4096	undefined
S	lightscreen	4096	Status	1	1	1	1	0	0	4096	undefined
S	lightscreen	4096	Status	1	1	0	0	0	0	4096	undefined
S	lightscreen	4096	Status	1	1	0	1	0	0	4096	undefined
S	lightscreen	6144	Physical	0	0	1	0	0	0	6144	undefined
S	lightscreen	6144	Physical	0	0	1	1	0	0	6144	undefined
S	lightscreen	6144	Physical	0	0	0	0	0	0	6144	undefined
S	lightscreen	6144	Physical	0	0	0	1	0	0	6144	undefined
S	lightscreen	6144	Physical	0	1	1	0	0	0	6144	undefined
S	lightscreen	6144	Physical	0	1	1	1	0	0	6144	undefined
S	lightscreen	6144	Physical	0	1	0	0	0	0	6144	undefined
S	lightscreen	6144	Physical	0	1	0	1	0	0	6144	undefined
S	lightscreen	6144	Physical	1	0	1	0	0	0	6144	undefined
S	lightscreen	6144	Physical	1	0	1	1	0	0	6144	undefined
S	lightscreen	6144	Physical	1	0	0	0	0	0	6144	undefined
S	lightscreen	6144	Physical	1	0	0	1	0	0	6144	undefined
S	lightscreen	6144	Physical	1	1	1	0	0	0	6144	undefined
S	lightscreen	6144	Physical	1	1	1	1	0	0	6144	undefined
S	lightscreen	6144	Physical	1	1	0	0	0	0	6144	undefined
S	lightscreen	6144	Physical	1	1	0	1	0	0	6144	undefined
S	lightscreen	6144	Special	0	0	1	0	0	0	4098	undefined
S	lightscreen	6144	Special	0	0	1	1	0	0	6144	undefined
S	lightscreen	6144	Special	0	0	0	0	0	0	6144	undefined
S	lightscreen	6144	Special	0	0	0	1	0	0	6144	undefined
S	lightscreen	6144	Special	0	1	1	0	0	0	6144	undefined
S	lightscreen	6144	Special	0	1	1	1	0	0	6144	undefined
S	lightscreen	6144	Special	0	1	0	0	0	0	6144	undefined
S	lightscreen	6144	Special	0	1	0	1	0	0	6144	undefined
S	lightscreen	6144	Special	1	0	1	0	0	0	6144	undefined
S	lightscreen	6144	Special	1	0	1	1	0	0	6144	undefined
S	lightscreen	6144	Special	1	0	0	0	0	0	6144	undefined
S	lightscreen	6144	Special	1	0	0	1	0	0	6144	undefined
S	lightscreen	6144	Special	1	1	1	0	0	0	6144	undefined
S	lightscreen	6144	Special	1	1	1	1	0	0	6144	undefined
S	lightscreen	6144	Special	1	1	0	0	0	0	6144	undefined
S	lightscreen	6144	Special	1	1	0	1	0	0	6144	undefined
S	lightscreen	6144	Status	0	0	1	0	0	0	6144	undefined
S	lightscreen	6144	Status	0	0	1	1	0	0	6144	undefined
S	lightscreen	6144	Status	0	0	0	0	0	0	6144	undefined
S	lightscreen	6144	Status	0	0	0	1	0	0	6144	undefined
S	lightscreen	6144	Status	0	1	1	0	0	0	6144	undefined
S	lightscreen	6144	Status	0	1	1	1	0	0	6144	undefined
S	lightscreen	6144	Status	0	1	0	0	0	0	6144	undefined
S	lightscreen	6144	Status	0	1	0	1	0	0	6144	undefined
S	lightscreen	6144	Status	1	0	1	0	0	0	6144	undefined
S	lightscreen	6144	Status	1	0	1	1	0	0	6144	undefined
S	lightscreen	6144	Status	1	0	0	0	0	0	6144	undefined
S	lightscreen	6144	Status	1	0	0	1	0	0	6144	undefined
S	lightscreen	6144	Status	1	1	1	0	0	0	6144	undefined
S	lightscreen	6144	Status	1	1	1	1	0	0	6144	undefined
S	lightscreen	6144	Status	1	1	0	0	0	0	6144	undefined
S	lightscreen	6144	Status	1	1	0	1	0	0	6144	undefined
S	auroraveil	4096	Physical	0	0	1	0	0	0	2732	undefined
S	auroraveil	4096	Physical	0	0	1	0	0	1	2732	undefined
S	auroraveil	4096	Physical	0	0	1	0	1	0	4096	undefined
S	auroraveil	4096	Physical	0	0	1	0	1	1	4096	undefined
S	auroraveil	4096	Physical	0	0	1	1	0	0	4096	undefined
S	auroraveil	4096	Physical	0	0	1	1	0	1	4096	undefined
S	auroraveil	4096	Physical	0	0	1	1	1	0	4096	undefined
S	auroraveil	4096	Physical	0	0	1	1	1	1	4096	undefined
S	auroraveil	4096	Physical	0	0	0	0	0	0	4096	undefined
S	auroraveil	4096	Physical	0	0	0	0	0	1	4096	undefined
S	auroraveil	4096	Physical	0	0	0	0	1	0	4096	undefined
S	auroraveil	4096	Physical	0	0	0	0	1	1	4096	undefined
S	auroraveil	4096	Physical	0	0	0	1	0	0	4096	undefined
S	auroraveil	4096	Physical	0	0	0	1	0	1	4096	undefined
S	auroraveil	4096	Physical	0	0	0	1	1	0	4096	undefined
S	auroraveil	4096	Physical	0	0	0	1	1	1	4096	undefined
S	auroraveil	4096	Physical	0	1	1	0	0	0	4096	undefined
S	auroraveil	4096	Physical	0	1	1	0	0	1	4096	undefined
S	auroraveil	4096	Physical	0	1	1	0	1	0	4096	undefined
S	auroraveil	4096	Physical	0	1	1	0	1	1	4096	undefined
S	auroraveil	4096	Physical	0	1	1	1	0	0	4096	undefined
S	auroraveil	4096	Physical	0	1	1	1	0	1	4096	undefined
S	auroraveil	4096	Physical	0	1	1	1	1	0	4096	undefined
S	auroraveil	4096	Physical	0	1	1	1	1	1	4096	undefined
S	auroraveil	4096	Physical	0	1	0	0	0	0	4096	undefined
S	auroraveil	4096	Physical	0	1	0	0	0	1	4096	undefined
S	auroraveil	4096	Physical	0	1	0	0	1	0	4096	undefined
S	auroraveil	4096	Physical	0	1	0	0	1	1	4096	undefined
S	auroraveil	4096	Physical	0	1	0	1	0	0	4096	undefined
S	auroraveil	4096	Physical	0	1	0	1	0	1	4096	undefined
S	auroraveil	4096	Physical	0	1	0	1	1	0	4096	undefined
S	auroraveil	4096	Physical	0	1	0	1	1	1	4096	undefined
S	auroraveil	4096	Physical	1	0	1	0	0	0	4096	undefined
S	auroraveil	4096	Physical	1	0	1	0	0	1	4096	undefined
S	auroraveil	4096	Physical	1	0	1	0	1	0	4096	undefined
S	auroraveil	4096	Physical	1	0	1	0	1	1	4096	undefined
S	auroraveil	4096	Physical	1	0	1	1	0	0	4096	undefined
S	auroraveil	4096	Physical	1	0	1	1	0	1	4096	undefined
S	auroraveil	4096	Physical	1	0	1	1	1	0	4096	undefined
S	auroraveil	4096	Physical	1	0	1	1	1	1	4096	undefined
S	auroraveil	4096	Physical	1	0	0	0	0	0	4096	undefined
S	auroraveil	4096	Physical	1	0	0	0	0	1	4096	undefined
S	auroraveil	4096	Physical	1	0	0	0	1	0	4096	undefined
S	auroraveil	4096	Physical	1	0	0	0	1	1	4096	undefined
S	auroraveil	4096	Physical	1	0	0	1	0	0	4096	undefined
S	auroraveil	4096	Physical	1	0	0	1	0	1	4096	undefined
S	auroraveil	4096	Physical	1	0	0	1	1	0	4096	undefined
S	auroraveil	4096	Physical	1	0	0	1	1	1	4096	undefined
S	auroraveil	4096	Physical	1	1	1	0	0	0	4096	undefined
S	auroraveil	4096	Physical	1	1	1	0	0	1	4096	undefined
S	auroraveil	4096	Physical	1	1	1	0	1	0	4096	undefined
S	auroraveil	4096	Physical	1	1	1	0	1	1	4096	undefined
S	auroraveil	4096	Physical	1	1	1	1	0	0	4096	undefined
S	auroraveil	4096	Physical	1	1	1	1	0	1	4096	undefined
S	auroraveil	4096	Physical	1	1	1	1	1	0	4096	undefined
S	auroraveil	4096	Physical	1	1	1	1	1	1	4096	undefined
S	auroraveil	4096	Physical	1	1	0	0	0	0	4096	undefined
S	auroraveil	4096	Physical	1	1	0	0	0	1	4096	undefined
S	auroraveil	4096	Physical	1	1	0	0	1	0	4096	undefined
S	auroraveil	4096	Physical	1	1	0	0	1	1	4096	undefined
S	auroraveil	4096	Physical	1	1	0	1	0	0	4096	undefined
S	auroraveil	4096	Physical	1	1	0	1	0	1	4096	undefined
S	auroraveil	4096	Physical	1	1	0	1	1	0	4096	undefined
S	auroraveil	4096	Physical	1	1	0	1	1	1	4096	undefined
S	auroraveil	4096	Special	0	0	1	0	0	0	2732	undefined
S	auroraveil	4096	Special	0	0	1	0	0	1	4096	undefined
S	auroraveil	4096	Special	0	0	1	0	1	0	2732	undefined
S	auroraveil	4096	Special	0	0	1	0	1	1	4096	undefined
S	auroraveil	4096	Special	0	0	1	1	0	0	4096	undefined
S	auroraveil	4096	Special	0	0	1	1	0	1	4096	undefined
S	auroraveil	4096	Special	0	0	1	1	1	0	4096	undefined
S	auroraveil	4096	Special	0	0	1	1	1	1	4096	undefined
S	auroraveil	4096	Special	0	0	0	0	0	0	4096	undefined
S	auroraveil	4096	Special	0	0	0	0	0	1	4096	undefined
S	auroraveil	4096	Special	0	0	0	0	1	0	4096	undefined
S	auroraveil	4096	Special	0	0	0	0	1	1	4096	undefined
S	auroraveil	4096	Special	0	0	0	1	0	0	4096	undefined
S	auroraveil	4096	Special	0	0	0	1	0	1	4096	undefined
S	auroraveil	4096	Special	0	0	0	1	1	0	4096	undefined
S	auroraveil	4096	Special	0	0	0	1	1	1	4096	undefined
S	auroraveil	4096	Special	0	1	1	0	0	0	4096	undefined
S	auroraveil	4096	Special	0	1	1	0	0	1	4096	undefined
S	auroraveil	4096	Special	0	1	1	0	1	0	4096	undefined
S	auroraveil	4096	Special	0	1	1	0	1	1	4096	undefined
S	auroraveil	4096	Special	0	1	1	1	0	0	4096	undefined
S	auroraveil	4096	Special	0	1	1	1	0	1	4096	undefined
S	auroraveil	4096	Special	0	1	1	1	1	0	4096	undefined
S	auroraveil	4096	Special	0	1	1	1	1	1	4096	undefined
S	auroraveil	4096	Special	0	1	0	0	0	0	4096	undefined
S	auroraveil	4096	Special	0	1	0	0	0	1	4096	undefined
S	auroraveil	4096	Special	0	1	0	0	1	0	4096	undefined
S	auroraveil	4096	Special	0	1	0	0	1	1	4096	undefined
S	auroraveil	4096	Special	0	1	0	1	0	0	4096	undefined
S	auroraveil	4096	Special	0	1	0	1	0	1	4096	undefined
S	auroraveil	4096	Special	0	1	0	1	1	0	4096	undefined
S	auroraveil	4096	Special	0	1	0	1	1	1	4096	undefined
S	auroraveil	4096	Special	1	0	1	0	0	0	4096	undefined
S	auroraveil	4096	Special	1	0	1	0	0	1	4096	undefined
S	auroraveil	4096	Special	1	0	1	0	1	0	4096	undefined
S	auroraveil	4096	Special	1	0	1	0	1	1	4096	undefined
S	auroraveil	4096	Special	1	0	1	1	0	0	4096	undefined
S	auroraveil	4096	Special	1	0	1	1	0	1	4096	undefined
S	auroraveil	4096	Special	1	0	1	1	1	0	4096	undefined
S	auroraveil	4096	Special	1	0	1	1	1	1	4096	undefined
S	auroraveil	4096	Special	1	0	0	0	0	0	4096	undefined
S	auroraveil	4096	Special	1	0	0	0	0	1	4096	undefined
S	auroraveil	4096	Special	1	0	0	0	1	0	4096	undefined
S	auroraveil	4096	Special	1	0	0	0	1	1	4096	undefined
S	auroraveil	4096	Special	1	0	0	1	0	0	4096	undefined
S	auroraveil	4096	Special	1	0	0	1	0	1	4096	undefined
S	auroraveil	4096	Special	1	0	0	1	1	0	4096	undefined
S	auroraveil	4096	Special	1	0	0	1	1	1	4096	undefined
S	auroraveil	4096	Special	1	1	1	0	0	0	4096	undefined
S	auroraveil	4096	Special	1	1	1	0	0	1	4096	undefined
S	auroraveil	4096	Special	1	1	1	0	1	0	4096	undefined
S	auroraveil	4096	Special	1	1	1	0	1	1	4096	undefined
S	auroraveil	4096	Special	1	1	1	1	0	0	4096	undefined
S	auroraveil	4096	Special	1	1	1	1	0	1	4096	undefined
S	auroraveil	4096	Special	1	1	1	1	1	0	4096	undefined
S	auroraveil	4096	Special	1	1	1	1	1	1	4096	undefined
S	auroraveil	4096	Special	1	1	0	0	0	0	4096	undefined
S	auroraveil	4096	Special	1	1	0	0	0	1	4096	undefined
S	auroraveil	4096	Special	1	1	0	0	1	0	4096	undefined
S	auroraveil	4096	Special	1	1	0	0	1	1	4096	undefined
S	auroraveil	4096	Special	1	1	0	1	0	0	4096	undefined
S	auroraveil	4096	Special	1	1	0	1	0	1	4096	undefined
S	auroraveil	4096	Special	1	1	0	1	1	0	4096	undefined
S	auroraveil	4096	Special	1	1	0	1	1	1	4096	undefined
S	auroraveil	4096	Status	0	0	1	0	0	0	2732	undefined
S	auroraveil	4096	Status	0	0	1	0	0	1	2732	undefined
S	auroraveil	4096	Status	0	0	1	0	1	0	2732	undefined
S	auroraveil	4096	Status	0	0	1	0	1	1	2732	undefined
S	auroraveil	4096	Status	0	0	1	1	0	0	4096	undefined
S	auroraveil	4096	Status	0	0	1	1	0	1	4096	undefined
S	auroraveil	4096	Status	0	0	1	1	1	0	4096	undefined
S	auroraveil	4096	Status	0	0	1	1	1	1	4096	undefined
S	auroraveil	4096	Status	0	0	0	0	0	0	4096	undefined
S	auroraveil	4096	Status	0	0	0	0	0	1	4096	undefined
S	auroraveil	4096	Status	0	0	0	0	1	0	4096	undefined
S	auroraveil	4096	Status	0	0	0	0	1	1	4096	undefined
S	auroraveil	4096	Status	0	0	0	1	0	0	4096	undefined
S	auroraveil	4096	Status	0	0	0	1	0	1	4096	undefined
S	auroraveil	4096	Status	0	0	0	1	1	0	4096	undefined
S	auroraveil	4096	Status	0	0	0	1	1	1	4096	undefined
S	auroraveil	4096	Status	0	1	1	0	0	0	4096	undefined
S	auroraveil	4096	Status	0	1	1	0	0	1	4096	undefined
S	auroraveil	4096	Status	0	1	1	0	1	0	4096	undefined
S	auroraveil	4096	Status	0	1	1	0	1	1	4096	undefined
S	auroraveil	4096	Status	0	1	1	1	0	0	4096	undefined
S	auroraveil	4096	Status	0	1	1	1	0	1	4096	undefined
S	auroraveil	4096	Status	0	1	1	1	1	0	4096	undefined
S	auroraveil	4096	Status	0	1	1	1	1	1	4096	undefined
S	auroraveil	4096	Status	0	1	0	0	0	0	4096	undefined
S	auroraveil	4096	Status	0	1	0	0	0	1	4096	undefined
S	auroraveil	4096	Status	0	1	0	0	1	0	4096	undefined
S	auroraveil	4096	Status	0	1	0	0	1	1	4096	undefined
S	auroraveil	4096	Status	0	1	0	1	0	0	4096	undefined
S	auroraveil	4096	Status	0	1	0	1	0	1	4096	undefined
S	auroraveil	4096	Status	0	1	0	1	1	0	4096	undefined
S	auroraveil	4096	Status	0	1	0	1	1	1	4096	undefined
S	auroraveil	4096	Status	1	0	1	0	0	0	4096	undefined
S	auroraveil	4096	Status	1	0	1	0	0	1	4096	undefined
S	auroraveil	4096	Status	1	0	1	0	1	0	4096	undefined
S	auroraveil	4096	Status	1	0	1	0	1	1	4096	undefined
S	auroraveil	4096	Status	1	0	1	1	0	0	4096	undefined
S	auroraveil	4096	Status	1	0	1	1	0	1	4096	undefined
S	auroraveil	4096	Status	1	0	1	1	1	0	4096	undefined
S	auroraveil	4096	Status	1	0	1	1	1	1	4096	undefined
S	auroraveil	4096	Status	1	0	0	0	0	0	4096	undefined
S	auroraveil	4096	Status	1	0	0	0	0	1	4096	undefined
S	auroraveil	4096	Status	1	0	0	0	1	0	4096	undefined
S	auroraveil	4096	Status	1	0	0	0	1	1	4096	undefined
S	auroraveil	4096	Status	1	0	0	1	0	0	4096	undefined
S	auroraveil	4096	Status	1	0	0	1	0	1	4096	undefined
S	auroraveil	4096	Status	1	0	0	1	1	0	4096	undefined
S	auroraveil	4096	Status	1	0	0	1	1	1	4096	undefined
S	auroraveil	4096	Status	1	1	1	0	0	0	4096	undefined
S	auroraveil	4096	Status	1	1	1	0	0	1	4096	undefined
S	auroraveil	4096	Status	1	1	1	0	1	0	4096	undefined
S	auroraveil	4096	Status	1	1	1	0	1	1	4096	undefined
S	auroraveil	4096	Status	1	1	1	1	0	0	4096	undefined
S	auroraveil	4096	Status	1	1	1	1	0	1	4096	undefined
S	auroraveil	4096	Status	1	1	1	1	1	0	4096	undefined
S	auroraveil	4096	Status	1	1	1	1	1	1	4096	undefined
S	auroraveil	4096	Status	1	1	0	0	0	0	4096	undefined
S	auroraveil	4096	Status	1	1	0	0	0	1	4096	undefined
S	auroraveil	4096	Status	1	1	0	0	1	0	4096	undefined
S	auroraveil	4096	Status	1	1	0	0	1	1	4096	undefined
S	auroraveil	4096	Status	1	1	0	1	0	0	4096	undefined
S	auroraveil	4096	Status	1	1	0	1	0	1	4096	undefined
S	auroraveil	4096	Status	1	1	0	1	1	0	4096	undefined
S	auroraveil	4096	Status	1	1	0	1	1	1	4096	undefined
S	auroraveil	6144	Physical	0	0	1	0	0	0	4098	undefined
S	auroraveil	6144	Physical	0	0	1	0	0	1	4098	undefined
S	auroraveil	6144	Physical	0	0	1	0	1	0	6144	undefined
S	auroraveil	6144	Physical	0	0	1	0	1	1	6144	undefined
S	auroraveil	6144	Physical	0	0	1	1	0	0	6144	undefined
S	auroraveil	6144	Physical	0	0	1	1	0	1	6144	undefined
S	auroraveil	6144	Physical	0	0	1	1	1	0	6144	undefined
S	auroraveil	6144	Physical	0	0	1	1	1	1	6144	undefined
S	auroraveil	6144	Physical	0	0	0	0	0	0	6144	undefined
S	auroraveil	6144	Physical	0	0	0	0	0	1	6144	undefined
S	auroraveil	6144	Physical	0	0	0	0	1	0	6144	undefined
S	auroraveil	6144	Physical	0	0	0	0	1	1	6144	undefined
S	auroraveil	6144	Physical	0	0	0	1	0	0	6144	undefined
S	auroraveil	6144	Physical	0	0	0	1	0	1	6144	undefined
S	auroraveil	6144	Physical	0	0	0	1	1	0	6144	undefined
S	auroraveil	6144	Physical	0	0	0	1	1	1	6144	undefined
S	auroraveil	6144	Physical	0	1	1	0	0	0	6144	undefined
S	auroraveil	6144	Physical	0	1	1	0	0	1	6144	undefined
S	auroraveil	6144	Physical	0	1	1	0	1	0	6144	undefined
S	auroraveil	6144	Physical	0	1	1	0	1	1	6144	undefined
S	auroraveil	6144	Physical	0	1	1	1	0	0	6144	undefined
S	auroraveil	6144	Physical	0	1	1	1	0	1	6144	undefined
S	auroraveil	6144	Physical	0	1	1	1	1	0	6144	undefined
S	auroraveil	6144	Physical	0	1	1	1	1	1	6144	undefined
S	auroraveil	6144	Physical	0	1	0	0	0	0	6144	undefined
S	auroraveil	6144	Physical	0	1	0	0	0	1	6144	undefined
S	auroraveil	6144	Physical	0	1	0	0	1	0	6144	undefined
S	auroraveil	6144	Physical	0	1	0	0	1	1	6144	undefined
S	auroraveil	6144	Physical	0	1	0	1	0	0	6144	undefined
S	auroraveil	6144	Physical	0	1	0	1	0	1	6144	undefined
S	auroraveil	6144	Physical	0	1	0	1	1	0	6144	undefined
S	auroraveil	6144	Physical	0	1	0	1	1	1	6144	undefined
S	auroraveil	6144	Physical	1	0	1	0	0	0	6144	undefined
S	auroraveil	6144	Physical	1	0	1	0	0	1	6144	undefined
S	auroraveil	6144	Physical	1	0	1	0	1	0	6144	undefined
S	auroraveil	6144	Physical	1	0	1	0	1	1	6144	undefined
S	auroraveil	6144	Physical	1	0	1	1	0	0	6144	undefined
S	auroraveil	6144	Physical	1	0	1	1	0	1	6144	undefined
S	auroraveil	6144	Physical	1	0	1	1	1	0	6144	undefined
S	auroraveil	6144	Physical	1	0	1	1	1	1	6144	undefined
S	auroraveil	6144	Physical	1	0	0	0	0	0	6144	undefined
S	auroraveil	6144	Physical	1	0	0	0	0	1	6144	undefined
S	auroraveil	6144	Physical	1	0	0	0	1	0	6144	undefined
S	auroraveil	6144	Physical	1	0	0	0	1	1	6144	undefined
S	auroraveil	6144	Physical	1	0	0	1	0	0	6144	undefined
S	auroraveil	6144	Physical	1	0	0	1	0	1	6144	undefined
S	auroraveil	6144	Physical	1	0	0	1	1	0	6144	undefined
S	auroraveil	6144	Physical	1	0	0	1	1	1	6144	undefined
S	auroraveil	6144	Physical	1	1	1	0	0	0	6144	undefined
S	auroraveil	6144	Physical	1	1	1	0	0	1	6144	undefined
S	auroraveil	6144	Physical	1	1	1	0	1	0	6144	undefined
S	auroraveil	6144	Physical	1	1	1	0	1	1	6144	undefined
S	auroraveil	6144	Physical	1	1	1	1	0	0	6144	undefined
S	auroraveil	6144	Physical	1	1	1	1	0	1	6144	undefined
S	auroraveil	6144	Physical	1	1	1	1	1	0	6144	undefined
S	auroraveil	6144	Physical	1	1	1	1	1	1	6144	undefined
S	auroraveil	6144	Physical	1	1	0	0	0	0	6144	undefined
S	auroraveil	6144	Physical	1	1	0	0	0	1	6144	undefined
S	auroraveil	6144	Physical	1	1	0	0	1	0	6144	undefined
S	auroraveil	6144	Physical	1	1	0	0	1	1	6144	undefined
S	auroraveil	6144	Physical	1	1	0	1	0	0	6144	undefined
S	auroraveil	6144	Physical	1	1	0	1	0	1	6144	undefined
S	auroraveil	6144	Physical	1	1	0	1	1	0	6144	undefined
S	auroraveil	6144	Physical	1	1	0	1	1	1	6144	undefined
S	auroraveil	6144	Special	0	0	1	0	0	0	4098	undefined
S	auroraveil	6144	Special	0	0	1	0	0	1	6144	undefined
S	auroraveil	6144	Special	0	0	1	0	1	0	4098	undefined
S	auroraveil	6144	Special	0	0	1	0	1	1	6144	undefined
S	auroraveil	6144	Special	0	0	1	1	0	0	6144	undefined
S	auroraveil	6144	Special	0	0	1	1	0	1	6144	undefined
S	auroraveil	6144	Special	0	0	1	1	1	0	6144	undefined
S	auroraveil	6144	Special	0	0	1	1	1	1	6144	undefined
S	auroraveil	6144	Special	0	0	0	0	0	0	6144	undefined
S	auroraveil	6144	Special	0	0	0	0	0	1	6144	undefined
S	auroraveil	6144	Special	0	0	0	0	1	0	6144	undefined
S	auroraveil	6144	Special	0	0	0	0	1	1	6144	undefined
S	auroraveil	6144	Special	0	0	0	1	0	0	6144	undefined
S	auroraveil	6144	Special	0	0	0	1	0	1	6144	undefined
S	auroraveil	6144	Special	0	0	0	1	1	0	6144	undefined
S	auroraveil	6144	Special	0	0	0	1	1	1	6144	undefined
S	auroraveil	6144	Special	0	1	1	0	0	0	6144	undefined
S	auroraveil	6144	Special	0	1	1	0	0	1	6144	undefined
S	auroraveil	6144	Special	0	1	1	0	1	0	6144	undefined
S	auroraveil	6144	Special	0	1	1	0	1	1	6144	undefined
S	auroraveil	6144	Special	0	1	1	1	0	0	6144	undefined
S	auroraveil	6144	Special	0	1	1	1	0	1	6144	undefined
S	auroraveil	6144	Special	0	1	1	1	1	0	6144	undefined
S	auroraveil	6144	Special	0	1	1	1	1	1	6144	undefined
S	auroraveil	6144	Special	0	1	0	0	0	0	6144	undefined
S	auroraveil	6144	Special	0	1	0	0	0	1	6144	undefined
S	auroraveil	6144	Special	0	1	0	0	1	0	6144	undefined
S	auroraveil	6144	Special	0	1	0	0	1	1	6144	undefined
S	auroraveil	6144	Special	0	1	0	1	0	0	6144	undefined
S	auroraveil	6144	Special	0	1	0	1	0	1	6144	undefined
S	auroraveil	6144	Special	0	1	0	1	1	0	6144	undefined
S	auroraveil	6144	Special	0	1	0	1	1	1	6144	undefined
S	auroraveil	6144	Special	1	0	1	0	0	0	6144	undefined
S	auroraveil	6144	Special	1	0	1	0	0	1	6144	undefined
S	auroraveil	6144	Special	1	0	1	0	1	0	6144	undefined
S	auroraveil	6144	Special	1	0	1	0	1	1	6144	undefined
S	auroraveil	6144	Special	1	0	1	1	0	0	6144	undefined
S	auroraveil	6144	Special	1	0	1	1	0	1	6144	undefined
S	auroraveil	6144	Special	1	0	1	1	1	0	6144	undefined
S	auroraveil	6144	Special	1	0	1	1	1	1	6144	undefined
S	auroraveil	6144	Special	1	0	0	0	0	0	6144	undefined
S	auroraveil	6144	Special	1	0	0	0	0	1	6144	undefined
S	auroraveil	6144	Special	1	0	0	0	1	0	6144	undefined
S	auroraveil	6144	Special	1	0	0	0	1	1	6144	undefined
S	auroraveil	6144	Special	1	0	0	1	0	0	6144	undefined
S	auroraveil	6144	Special	1	0	0	1	0	1	6144	undefined
S	auroraveil	6144	Special	1	0	0	1	1	0	6144	undefined
S	auroraveil	6144	Special	1	0	0	1	1	1	6144	undefined
S	auroraveil	6144	Special	1	1	1	0	0	0	6144	undefined
S	auroraveil	6144	Special	1	1	1	0	0	1	6144	undefined
S	auroraveil	6144	Special	1	1	1	0	1	0	6144	undefined
S	auroraveil	6144	Special	1	1	1	0	1	1	6144	undefined
S	auroraveil	6144	Special	1	1	1	1	0	0	6144	undefined
S	auroraveil	6144	Special	1	1	1	1	0	1	6144	undefined
S	auroraveil	6144	Special	1	1	1	1	1	0	6144	undefined
S	auroraveil	6144	Special	1	1	1	1	1	1	6144	undefined
S	auroraveil	6144	Special	1	1	0	0	0	0	6144	undefined
S	auroraveil	6144	Special	1	1	0	0	0	1	6144	undefined
S	auroraveil	6144	Special	1	1	0	0	1	0	6144	undefined
S	auroraveil	6144	Special	1	1	0	0	1	1	6144	undefined
S	auroraveil	6144	Special	1	1	0	1	0	0	6144	undefined
S	auroraveil	6144	Special	1	1	0	1	0	1	6144	undefined
S	auroraveil	6144	Special	1	1	0	1	1	0	6144	undefined
S	auroraveil	6144	Special	1	1	0	1	1	1	6144	undefined
S	auroraveil	6144	Status	0	0	1	0	0	0	4098	undefined
S	auroraveil	6144	Status	0	0	1	0	0	1	4098	undefined
S	auroraveil	6144	Status	0	0	1	0	1	0	4098	undefined
S	auroraveil	6144	Status	0	0	1	0	1	1	4098	undefined
S	auroraveil	6144	Status	0	0	1	1	0	0	6144	undefined
S	auroraveil	6144	Status	0	0	1	1	0	1	6144	undefined
S	auroraveil	6144	Status	0	0	1	1	1	0	6144	undefined
S	auroraveil	6144	Status	0	0	1	1	1	1	6144	undefined
S	auroraveil	6144	Status	0	0	0	0	0	0	6144	undefined
S	auroraveil	6144	Status	0	0	0	0	0	1	6144	undefined
S	auroraveil	6144	Status	0	0	0	0	1	0	6144	undefined
S	auroraveil	6144	Status	0	0	0	0	1	1	6144	undefined
S	auroraveil	6144	Status	0	0	0	1	0	0	6144	undefined
S	auroraveil	6144	Status	0	0	0	1	0	1	6144	undefined
S	auroraveil	6144	Status	0	0	0	1	1	0	6144	undefined
S	auroraveil	6144	Status	0	0	0	1	1	1	6144	undefined
S	auroraveil	6144	Status	0	1	1	0	0	0	6144	undefined
S	auroraveil	6144	Status	0	1	1	0	0	1	6144	undefined
S	auroraveil	6144	Status	0	1	1	0	1	0	6144	undefined
S	auroraveil	6144	Status	0	1	1	0	1	1	6144	undefined
S	auroraveil	6144	Status	0	1	1	1	0	0	6144	undefined
S	auroraveil	6144	Status	0	1	1	1	0	1	6144	undefined
S	auroraveil	6144	Status	0	1	1	1	1	0	6144	undefined
S	auroraveil	6144	Status	0	1	1	1	1	1	6144	undefined
S	auroraveil	6144	Status	0	1	0	0	0	0	6144	undefined
S	auroraveil	6144	Status	0	1	0	0	0	1	6144	undefined
S	auroraveil	6144	Status	0	1	0	0	1	0	6144	undefined
S	auroraveil	6144	Status	0	1	0	0	1	1	6144	undefined
S	auroraveil	6144	Status	0	1	0	1	0	0	6144	undefined
S	auroraveil	6144	Status	0	1	0	1	0	1	6144	undefined
S	auroraveil	6144	Status	0	1	0	1	1	0	6144	undefined
S	auroraveil	6144	Status	0	1	0	1	1	1	6144	undefined
S	auroraveil	6144	Status	1	0	1	0	0	0	6144	undefined
S	auroraveil	6144	Status	1	0	1	0	0	1	6144	undefined
S	auroraveil	6144	Status	1	0	1	0	1	0	6144	undefined
S	auroraveil	6144	Status	1	0	1	0	1	1	6144	undefined
S	auroraveil	6144	Status	1	0	1	1	0	0	6144	undefined
S	auroraveil	6144	Status	1	0	1	1	0	1	6144	undefined
S	auroraveil	6144	Status	1	0	1	1	1	0	6144	undefined
S	auroraveil	6144	Status	1	0	1	1	1	1	6144	undefined
S	auroraveil	6144	Status	1	0	0	0	0	0	6144	undefined
S	auroraveil	6144	Status	1	0	0	0	0	1	6144	undefined
S	auroraveil	6144	Status	1	0	0	0	1	0	6144	undefined
S	auroraveil	6144	Status	1	0	0	0	1	1	6144	undefined
S	auroraveil	6144	Status	1	0	0	1	0	0	6144	undefined
S	auroraveil	6144	Status	1	0	0	1	0	1	6144	undefined
S	auroraveil	6144	Status	1	0	0	1	1	0	6144	undefined
S	auroraveil	6144	Status	1	0	0	1	1	1	6144	undefined
S	auroraveil	6144	Status	1	1	1	0	0	0	6144	undefined
S	auroraveil	6144	Status	1	1	1	0	0	1	6144	undefined
S	auroraveil	6144	Status	1	1	1	0	1	0	6144	undefined
S	auroraveil	6144	Status	1	1	1	0	1	1	6144	undefined
S	auroraveil	6144	Status	1	1	1	1	0	0	6144	undefined
S	auroraveil	6144	Status	1	1	1	1	0	1	6144	undefined
S	auroraveil	6144	Status	1	1	1	1	1	0	6144	undefined
S	auroraveil	6144	Status	1	1	1	1	1	1	6144	undefined
S	auroraveil	6144	Status	1	1	0	0	0	0	6144	undefined
S	auroraveil	6144	Status	1	1	0	0	0	1	6144	undefined
S	auroraveil	6144	Status	1	1	0	0	1	0	6144	undefined
S	auroraveil	6144	Status	1	1	0	0	1	1	6144	undefined
S	auroraveil	6144	Status	1	1	0	1	0	0	6144	undefined
S	auroraveil	6144	Status	1	1	0	1	0	1	6144	undefined
S	auroraveil	6144	Status	1	1	0	1	1	0	6144	undefined
S	auroraveil	6144	Status	1	1	0	1	1	1	6144	undefined
T	4096	8192	undefined
T	6144	12288	undefined
T	8192	16384	undefined
D	reflect	0	0	5
D	reflect	0	1	5
D	reflect	1	0	5
D	reflect	1	1	8
D	lightscreen	0	0	5
D	lightscreen	0	1	5
D	lightscreen	1	0	5
D	lightscreen	1	1	8
D	auroraveil	0	0	5
D	auroraveil	0	1	5
D	auroraveil	1	0	5
D	auroraveil	1	1	8
D	tailwind	0	0	4
D	tailwind	0	1	4
D	tailwind	1	0	4
D	tailwind	1	1	4
D	trickroom	0	0	5
D	trickroom	0	1	5
D	trickroom	1	0	5
D	trickroom	1	1	5
