damage	0	-	0	50	0	0	-	1,2,3,4	-damage;-damage
damage	0	uturn	0	50	0	0	-	1,2,3,4	-damage;-damage
damage	0	tox	0	50	0	0	-	1,2,3,4	-damage|[from] psn|[of] p2a: Pikachu;-damage|[from] psn|[of] p2a: Pikachu
damage	0	confusion	0	50	0	0	-	1,2,3,4	-damage|[from] confusion|[of] p2a: Pikachu;-damage|[from] confusion|[of] p2a: Pikachu
damage	0	recoil	0	50	0	0	-	1,2,3,4	-damage|[from] Recoil|[of] p2a: Pikachu;-damage|[from] Recoil|[of] p2a: Pikachu
damage	0	drain	0	50	0	0	-	1,2,3,4	-damage|[from] Drain|[of] p2a: Pikachu;-damage|[from] Drain|[of] p2a: Pikachu
damage	0	rest	0	50	0	0	-	1,2,3,4	-damage;-damage
damage	0	wish	0	50	0	0	-	1,2,3,4	-damage|[from] Wish|[of] p2a: Pikachu;-damage|[from] Wish|[of] p2a: Pikachu
damage	0.5	-	1	49	0	0	-	1,2,3,4	-damage;-damage
damage	0.5	uturn	1	49	0	0	-	1,2,3,4	-damage;-damage
damage	0.5	tox	1	49	0	0	-	1,2,3,4	-damage|[from] psn|[of] p2a: Pikachu;-damage|[from] psn|[of] p2a: Pikachu
damage	0.5	confusion	1	49	0	0	-	1,2,3,4	-damage|[from] confusion|[of] p2a: Pikachu;-damage|[from] confusion|[of] p2a: Pikachu
damage	0.5	recoil	1	49	0	0	-	1,2,3,4	-damage|[from] Recoil|[of] p2a: Pikachu;-damage|[from] Recoil|[of] p2a: Pikachu
damage	0.5	drain	1	49	0	0	-	1,2,3,4	-damage|[from] Drain|[of] p2a: Pikachu;-damage|[from] Drain|[of] p2a: Pikachu
damage	0.5	rest	1	49	0	0	-	1,2,3,4	-damage;-damage
damage	0.5	wish	1	49	0	0	-	1,2,3,4	-damage|[from] Wish|[of] p2a: Pikachu;-damage|[from] Wish|[of] p2a: Pikachu
damage	1	-	1	49	0	0	-	1,2,3,4	-damage;-damage
damage	1	uturn	1	49	0	0	-	1,2,3,4	-damage;-damage
damage	1	tox	1	49	0	0	-	1,2,3,4	-damage|[from] psn|[of] p2a: Pikachu;-damage|[from] psn|[of] p2a: Pikachu
damage	1	confusion	1	49	0	0	-	1,2,3,4	-damage|[from] confusion|[of] p2a: Pikachu;-damage|[from] confusion|[of] p2a: Pikachu
damage	1	recoil	1	49	0	0	-	1,2,3,4	-damage|[from] Recoil|[of] p2a: Pikachu;-damage|[from] Recoil|[of] p2a: Pikachu
damage	1	drain	1	49	0	0	-	1,2,3,4	-damage|[from] Drain|[of] p2a: Pikachu;-damage|[from] Drain|[of] p2a: Pikachu
damage	1	rest	1	49	0	0	-	1,2,3,4	-damage;-damage
damage	1	wish	1	49	0	0	-	1,2,3,4	-damage|[from] Wish|[of] p2a: Pikachu;-damage|[from] Wish|[of] p2a: Pikachu
damage	40	-	40	10	0	0	-	1,2,3,4	-damage;-damage
damage	40	uturn	40	10	0	0	-	1,2,3,4	-damage;-damage
damage	40	tox	40	10	0	0	-	1,2,3,4	-damage|[from] psn|[of] p2a: Pikachu;-damage|[from] psn|[of] p2a: Pikachu
damage	40	confusion	40	10	0	0	-	1,2,3,4	-damage|[from] confusion|[of] p2a: Pikachu;-damage|[from] confusion|[of] p2a: Pikachu
damage	40	recoil	40	10	0	0	-	1,2,3,4	-damage|[from] Recoil|[of] p2a: Pikachu;-damage|[from] Recoil|[of] p2a: Pikachu
damage	40	drain	40	10	0	0	-	1,2,3,4	-damage|[from] Drain|[of] p2a: Pikachu;-damage|[from] Drain|[of] p2a: Pikachu
damage	40	rest	40	10	0	0	-	1,2,3,4	-damage;-damage
damage	40	wish	40	10	0	0	-	1,2,3,4	-damage|[from] Wish|[of] p2a: Pikachu;-damage|[from] Wish|[of] p2a: Pikachu
damage	99	-	50	0	1	1	-	1,2,3,4	-damage;-damage
damage	99	uturn	50	0	1	1	uturn	1,2,3,4	-damage;-damage
damage	99	tox	50	0	1	1	tox	1,2,3,4	-damage|[from] psn|[of] p2a: Pikachu;-damage|[from] psn|[of] p2a: Pikachu
damage	99	confusion	50	0	1	1	confusion	1,2,3,4	-damage|[from] confusion|[of] p2a: Pikachu;-damage|[from] confusion|[of] p2a: Pikachu
damage	99	recoil	50	0	1	1	recoil	1,2,3,4	-damage|[from] Recoil|[of] p2a: Pikachu;-damage|[from] Recoil|[of] p2a: Pikachu
damage	99	drain	50	0	1	1	drain	1,2,3,4	-damage|[from] Drain|[of] p2a: Pikachu;-damage|[from] Drain|[of] p2a: Pikachu
damage	99	rest	50	0	1	1	rest	1,2,3,4	-damage;-damage
damage	99	wish	50	0	1	1	wish	1,2,3,4	-damage|[from] Wish|[of] p2a: Pikachu;-damage|[from] Wish|[of] p2a: Pikachu
damage	-1	-	1	49	0	0	-	1,2,3,4	-damage;-damage
damage	-1	uturn	1	49	0	0	-	1,2,3,4	-damage;-damage
damage	-1	tox	1	49	0	0	-	1,2,3,4	-damage|[from] psn|[of] p2a: Pikachu;-damage|[from] psn|[of] p2a: Pikachu
damage	-1	confusion	1	49	0	0	-	1,2,3,4	-damage|[from] confusion|[of] p2a: Pikachu;-damage|[from] confusion|[of] p2a: Pikachu
damage	-1	recoil	1	49	0	0	-	1,2,3,4	-damage|[from] Recoil|[of] p2a: Pikachu;-damage|[from] Recoil|[of] p2a: Pikachu
damage	-1	drain	1	49	0	0	-	1,2,3,4	-damage|[from] Drain|[of] p2a: Pikachu;-damage|[from] Drain|[of] p2a: Pikachu
damage	-1	rest	1	49	0	0	-	1,2,3,4	-damage;-damage
damage	-1	wish	1	49	0	0	-	1,2,3,4	-damage|[from] Wish|[of] p2a: Pikachu;-damage|[from] Wish|[of] p2a: Pikachu
damage	NaN	-	NaN	50	0	0	-	1,2,3,4	-
damage	NaN	uturn	NaN	50	0	0	-	1,2,3,4	-
damage	NaN	tox	NaN	50	0	0	-	1,2,3,4	-
damage	NaN	confusion	NaN	50	0	0	-	1,2,3,4	-
damage	NaN	recoil	NaN	50	0	0	-	1,2,3,4	-
damage	NaN	drain	NaN	50	0	0	-	1,2,3,4	-
damage	NaN	rest	NaN	50	0	0	-	1,2,3,4	-
damage	NaN	wish	NaN	50	0	0	-	1,2,3,4	-
damage	Infinity	-	0	50	0	0	-	1,2,3,4	-damage;-damage
damage	Infinity	uturn	0	50	0	0	-	1,2,3,4	-damage;-damage
damage	Infinity	tox	0	50	0	0	-	1,2,3,4	-damage|[from] psn|[of] p2a: Pikachu;-damage|[from] psn|[of] p2a: Pikachu
damage	Infinity	confusion	0	50	0	0	-	1,2,3,4	-damage|[from] confusion|[of] p2a: Pikachu;-damage|[from] confusion|[of] p2a: Pikachu
damage	Infinity	recoil	0	50	0	0	-	1,2,3,4	-damage|[from] Recoil|[of] p2a: Pikachu;-damage|[from] Recoil|[of] p2a: Pikachu
damage	Infinity	drain	0	50	0	0	-	1,2,3,4	-damage|[from] Drain|[of] p2a: Pikachu;-damage|[from] Drain|[of] p2a: Pikachu
damage	Infinity	rest	0	50	0	0	-	1,2,3,4	-damage;-damage
damage	Infinity	wish	0	50	0	0	-	1,2,3,4	-damage|[from] Wish|[of] p2a: Pikachu;-damage|[from] Wish|[of] p2a: Pikachu
damage	4294967297	-	1	49	0	0	-	1,2,3,4	-damage;-damage
damage	4294967297	uturn	1	49	0	0	-	1,2,3,4	-damage;-damage
damage	4294967297	tox	1	49	0	0	-	1,2,3,4	-damage|[from] psn|[of] p2a: Pikachu;-damage|[from] psn|[of] p2a: Pikachu
damage	4294967297	confusion	1	49	0	0	-	1,2,3,4	-damage|[from] confusion|[of] p2a: Pikachu;-damage|[from] confusion|[of] p2a: Pikachu
damage	4294967297	recoil	1	49	0	0	-	1,2,3,4	-damage|[from] Recoil|[of] p2a: Pikachu;-damage|[from] Recoil|[of] p2a: Pikachu
damage	4294967297	drain	1	49	0	0	-	1,2,3,4	-damage|[from] Drain|[of] p2a: Pikachu;-damage|[from] Drain|[of] p2a: Pikachu
damage	4294967297	rest	1	49	0	0	-	1,2,3,4	-damage;-damage
damage	4294967297	wish	1	49	0	0	-	1,2,3,4	-damage|[from] Wish|[of] p2a: Pikachu;-damage|[from] Wish|[of] p2a: Pikachu
directDamage	0	-	0	50	0	0	-	1,2,3,4	-
directDamage	0	uturn	0	50	0	0	-	1,2,3,4	-
directDamage	0	tox	0	50	0	0	-	1,2,3,4	-
directDamage	0	confusion	0	50	0	0	-	1,2,3,4	-
directDamage	0	recoil	0	50	0	0	-	1,2,3,4	-
directDamage	0	drain	0	50	0	0	-	1,2,3,4	-
directDamage	0	rest	0	50	0	0	-	1,2,3,4	-
directDamage	0	wish	0	50	0	0	-	1,2,3,4	-
directDamage	0.5	-	1	49	0	0	-	1,2,3,4	-damage;-damage
directDamage	0.5	uturn	1	49	0	0	-	1,2,3,4	-damage;-damage
directDamage	0.5	tox	1	49	0	0	-	1,2,3,4	-damage;-damage
directDamage	0.5	confusion	1	49	0	0	-	1,2,3,4	-damage|[from] confusion;-damage|[from] confusion
directDamage	0.5	recoil	1	49	0	0	-	1,2,3,4	-damage;-damage
directDamage	0.5	drain	1	49	0	0	-	1,2,3,4	-damage;-damage
directDamage	0.5	rest	1	49	0	0	-	1,2,3,4	-damage;-damage
directDamage	0.5	wish	1	49	0	0	-	1,2,3,4	-damage;-damage
directDamage	1	-	1	49	0	0	-	1,2,3,4	-damage;-damage
directDamage	1	uturn	1	49	0	0	-	1,2,3,4	-damage;-damage
directDamage	1	tox	1	49	0	0	-	1,2,3,4	-damage;-damage
directDamage	1	confusion	1	49	0	0	-	1,2,3,4	-damage|[from] confusion;-damage|[from] confusion
directDamage	1	recoil	1	49	0	0	-	1,2,3,4	-damage;-damage
directDamage	1	drain	1	49	0	0	-	1,2,3,4	-damage;-damage
directDamage	1	rest	1	49	0	0	-	1,2,3,4	-damage;-damage
directDamage	1	wish	1	49	0	0	-	1,2,3,4	-damage;-damage
directDamage	40	-	40	10	0	0	-	1,2,3,4	-damage;-damage
directDamage	40	uturn	40	10	0	0	-	1,2,3,4	-damage;-damage
directDamage	40	tox	40	10	0	0	-	1,2,3,4	-damage;-damage
directDamage	40	confusion	40	10	0	0	-	1,2,3,4	-damage|[from] confusion;-damage|[from] confusion
directDamage	40	recoil	40	10	0	0	-	1,2,3,4	-damage;-damage
directDamage	40	drain	40	10	0	0	-	1,2,3,4	-damage;-damage
directDamage	40	rest	40	10	0	0	-	1,2,3,4	-damage;-damage
directDamage	40	wish	40	10	0	0	-	1,2,3,4	-damage;-damage
directDamage	99	-	50	0	1	1	-	1,2,3,4	-damage;-damage
directDamage	99	uturn	50	0	1	1	uturn	1,2,3,4	-damage;-damage
directDamage	99	tox	50	0	1	1	tox	1,2,3,4	-damage;-damage
directDamage	99	confusion	50	0	1	1	confusion	1,2,3,4	-damage|[from] confusion;-damage|[from] confusion
directDamage	99	recoil	50	0	1	1	recoil	1,2,3,4	-damage;-damage
directDamage	99	drain	50	0	1	1	drain	1,2,3,4	-damage;-damage
directDamage	99	rest	50	0	1	1	rest	1,2,3,4	-damage;-damage
directDamage	99	wish	50	0	1	1	wish	1,2,3,4	-damage;-damage
directDamage	-1	-	1	49	0	0	-	1,2,3,4	-damage;-damage
directDamage	-1	uturn	1	49	0	0	-	1,2,3,4	-damage;-damage
directDamage	-1	tox	1	49	0	0	-	1,2,3,4	-damage;-damage
directDamage	-1	confusion	1	49	0	0	-	1,2,3,4	-damage|[from] confusion;-damage|[from] confusion
directDamage	-1	recoil	1	49	0	0	-	1,2,3,4	-damage;-damage
directDamage	-1	drain	1	49	0	0	-	1,2,3,4	-damage;-damage
directDamage	-1	rest	1	49	0	0	-	1,2,3,4	-damage;-damage
directDamage	-1	wish	1	49	0	0	-	1,2,3,4	-damage;-damage
directDamage	NaN	-	0	50	0	0	-	1,2,3,4	-
directDamage	NaN	uturn	0	50	0	0	-	1,2,3,4	-
directDamage	NaN	tox	0	50	0	0	-	1,2,3,4	-
directDamage	NaN	confusion	0	50	0	0	-	1,2,3,4	-
directDamage	NaN	recoil	0	50	0	0	-	1,2,3,4	-
directDamage	NaN	drain	0	50	0	0	-	1,2,3,4	-
directDamage	NaN	rest	0	50	0	0	-	1,2,3,4	-
directDamage	NaN	wish	0	50	0	0	-	1,2,3,4	-
directDamage	Infinity	-	0	50	0	0	-	1,2,3,4	-damage;-damage
directDamage	Infinity	uturn	0	50	0	0	-	1,2,3,4	-damage;-damage
directDamage	Infinity	tox	0	50	0	0	-	1,2,3,4	-damage;-damage
directDamage	Infinity	confusion	0	50	0	0	-	1,2,3,4	-damage|[from] confusion;-damage|[from] confusion
directDamage	Infinity	recoil	0	50	0	0	-	1,2,3,4	-damage;-damage
directDamage	Infinity	drain	0	50	0	0	-	1,2,3,4	-damage;-damage
directDamage	Infinity	rest	0	50	0	0	-	1,2,3,4	-damage;-damage
directDamage	Infinity	wish	0	50	0	0	-	1,2,3,4	-damage;-damage
directDamage	4294967297	-	1	49	0	0	-	1,2,3,4	-damage;-damage
directDamage	4294967297	uturn	1	49	0	0	-	1,2,3,4	-damage;-damage
directDamage	4294967297	tox	1	49	0	0	-	1,2,3,4	-damage;-damage
directDamage	4294967297	confusion	1	49	0	0	-	1,2,3,4	-damage|[from] confusion;-damage|[from] confusion
directDamage	4294967297	recoil	1	49	0	0	-	1,2,3,4	-damage;-damage
directDamage	4294967297	drain	1	49	0	0	-	1,2,3,4	-damage;-damage
directDamage	4294967297	rest	1	49	0	0	-	1,2,3,4	-damage;-damage
directDamage	4294967297	wish	1	49	0	0	-	1,2,3,4	-damage;-damage
heal	0	-	0	50	0	0	-	1,2,3,4	-
heal	0	uturn	0	50	0	0	-	1,2,3,4	-
heal	0	tox	0	50	0	0	-	1,2,3,4	-
heal	0	confusion	0	50	0	0	-	1,2,3,4	-
heal	0	recoil	0	50	0	0	-	1,2,3,4	-
heal	0	drain	0	50	0	0	-	1,2,3,4	-
heal	0	rest	0	50	0	0	-	1,2,3,4	-
heal	0	wish	0	50	0	0	-	1,2,3,4	-
heal	0.5	-	1	51	0	0	-	1,2,3,4	-heal|[from] undefined|[of] p2a: Pikachu;-heal|[from] undefined|[of] p2a: Pikachu
heal	0.5	uturn	1	51	0	0	-	1,2,3,4	-heal;-heal
heal	0.5	tox	1	51	0	0	-	1,2,3,4	-heal|[from] tox|[of] p2a: Pikachu;-heal|[from] tox|[of] p2a: Pikachu
heal	0.5	confusion	1	51	0	0	-	1,2,3,4	-heal|[from] confusion|[of] p2a: Pikachu;-heal|[from] confusion|[of] p2a: Pikachu
heal	0.5	recoil	1	51	0	0	-	1,2,3,4	-heal|[from] Recoil|[of] p2a: Pikachu;-heal|[from] Recoil|[of] p2a: Pikachu
heal	0.5	drain	1	51	0	0	-	1,2,3,4	-heal|[from] drain|[of] p2a: Pikachu;-heal|[from] drain|[of] p2a: Pikachu
heal	0.5	rest	1	51	0	0	-	1,2,3,4	-heal|[silent];-heal|[silent]
heal	0.5	wish	1	51	0	0	-	1,2,3,4	-
heal	1	-	1	51	0	0	-	1,2,3,4	-heal|[from] undefined|[of] p2a: Pikachu;-heal|[from] undefined|[of] p2a: Pikachu
heal	1	uturn	1	51	0	0	-	1,2,3,4	-heal;-heal
heal	1	tox	1	51	0	0	-	1,2,3,4	-heal|[from] tox|[of] p2a: Pikachu;-heal|[from] tox|[of] p2a: Pikachu
heal	1	confusion	1	51	0	0	-	1,2,3,4	-heal|[from] confusion|[of] p2a: Pikachu;-heal|[from] confusion|[of] p2a: Pikachu
heal	1	recoil	1	51	0	0	-	1,2,3,4	-heal|[from] Recoil|[of] p2a: Pikachu;-heal|[from] Recoil|[of] p2a: Pikachu
heal	1	drain	1	51	0	0	-	1,2,3,4	-heal|[from] drain|[of] p2a: Pikachu;-heal|[from] drain|[of] p2a: Pikachu
heal	1	rest	1	51	0	0	-	1,2,3,4	-heal|[silent];-heal|[silent]
heal	1	wish	1	51	0	0	-	1,2,3,4	-
heal	40	-	40	90	0	0	-	1,2,3,4	-heal|[from] undefined|[of] p2a: Pikachu;-heal|[from] undefined|[of] p2a: Pikachu
heal	40	uturn	40	90	0	0	-	1,2,3,4	-heal;-heal
heal	40	tox	40	90	0	0	-	1,2,3,4	-heal|[from] tox|[of] p2a: Pikachu;-heal|[from] tox|[of] p2a: Pikachu
heal	40	confusion	40	90	0	0	-	1,2,3,4	-heal|[from] confusion|[of] p2a: Pikachu;-heal|[from] confusion|[of] p2a: Pikachu
heal	40	recoil	40	90	0	0	-	1,2,3,4	-heal|[from] Recoil|[of] p2a: Pikachu;-heal|[from] Recoil|[of] p2a: Pikachu
heal	40	drain	40	90	0	0	-	1,2,3,4	-heal|[from] drain|[of] p2a: Pikachu;-heal|[from] drain|[of] p2a: Pikachu
heal	40	rest	40	90	0	0	-	1,2,3,4	-heal|[silent];-heal|[silent]
heal	40	wish	40	90	0	0	-	1,2,3,4	-
heal	99	-	50	100	0	0	-	1,2,3,4	-heal|[from] undefined|[of] p2a: Pikachu;-heal|[from] undefined|[of] p2a: Pikachu
heal	99	uturn	50	100	0	0	-	1,2,3,4	-heal;-heal
heal	99	tox	50	100	0	0	-	1,2,3,4	-heal|[from] tox|[of] p2a: Pikachu;-heal|[from] tox|[of] p2a: Pikachu
heal	99	confusion	50	100	0	0	-	1,2,3,4	-heal|[from] confusion|[of] p2a: Pikachu;-heal|[from] confusion|[of] p2a: Pikachu
heal	99	recoil	50	100	0	0	-	1,2,3,4	-heal|[from] Recoil|[of] p2a: Pikachu;-heal|[from] Recoil|[of] p2a: Pikachu
heal	99	drain	50	100	0	0	-	1,2,3,4	-heal|[from] drain|[of] p2a: Pikachu;-heal|[from] drain|[of] p2a: Pikachu
heal	99	rest	50	100	0	0	-	1,2,3,4	-heal|[silent];-heal|[silent]
heal	99	wish	50	100	0	0	-	1,2,3,4	-
heal	-1	-	1	51	0	0	-	1,2,3,4	-heal|[from] undefined|[of] p2a: Pikachu;-heal|[from] undefined|[of] p2a: Pikachu
heal	-1	uturn	1	51	0	0	-	1,2,3,4	-heal;-heal
heal	-1	tox	1	51	0	0	-	1,2,3,4	-heal|[from] tox|[of] p2a: Pikachu;-heal|[from] tox|[of] p2a: Pikachu
heal	-1	confusion	1	51	0	0	-	1,2,3,4	-heal|[from] confusion|[of] p2a: Pikachu;-heal|[from] confusion|[of] p2a: Pikachu
heal	-1	recoil	1	51	0	0	-	1,2,3,4	-heal|[from] Recoil|[of] p2a: Pikachu;-heal|[from] Recoil|[of] p2a: Pikachu
heal	-1	drain	1	51	0	0	-	1,2,3,4	-heal|[from] drain|[of] p2a: Pikachu;-heal|[from] drain|[of] p2a: Pikachu
heal	-1	rest	1	51	0	0	-	1,2,3,4	-heal|[silent];-heal|[silent]
heal	-1	wish	1	51	0	0	-	1,2,3,4	-
heal	NaN	-	0	50	0	0	-	1,2,3,4	-
heal	NaN	uturn	0	50	0	0	-	1,2,3,4	-
heal	NaN	tox	0	50	0	0	-	1,2,3,4	-
heal	NaN	confusion	0	50	0	0	-	1,2,3,4	-
heal	NaN	recoil	0	50	0	0	-	1,2,3,4	-
heal	NaN	drain	0	50	0	0	-	1,2,3,4	-
heal	NaN	rest	0	50	0	0	-	1,2,3,4	-
heal	NaN	wish	0	50	0	0	-	1,2,3,4	-
heal	Infinity	-	0	50	0	0	-	1,2,3,4	-
heal	Infinity	uturn	0	50	0	0	-	1,2,3,4	-
heal	Infinity	tox	0	50	0	0	-	1,2,3,4	-
heal	Infinity	confusion	0	50	0	0	-	1,2,3,4	-
heal	Infinity	recoil	0	50	0	0	-	1,2,3,4	-
heal	Infinity	drain	0	50	0	0	-	1,2,3,4	-
heal	Infinity	rest	0	50	0	0	-	1,2,3,4	-
heal	Infinity	wish	0	50	0	0	-	1,2,3,4	-
heal	4294967297	-	1	51	0	0	-	1,2,3,4	-heal|[from] undefined|[of] p2a: Pikachu;-heal|[from] undefined|[of] p2a: Pikachu
heal	4294967297	uturn	1	51	0	0	-	1,2,3,4	-heal;-heal
heal	4294967297	tox	1	51	0	0	-	1,2,3,4	-heal|[from] tox|[of] p2a: Pikachu;-heal|[from] tox|[of] p2a: Pikachu
heal	4294967297	confusion	1	51	0	0	-	1,2,3,4	-heal|[from] confusion|[of] p2a: Pikachu;-heal|[from] confusion|[of] p2a: Pikachu
heal	4294967297	recoil	1	51	0	0	-	1,2,3,4	-heal|[from] Recoil|[of] p2a: Pikachu;-heal|[from] Recoil|[of] p2a: Pikachu
heal	4294967297	drain	1	51	0	0	-	1,2,3,4	-heal|[from] drain|[of] p2a: Pikachu;-heal|[from] drain|[of] p2a: Pikachu
heal	4294967297	rest	1	51	0	0	-	1,2,3,4	-heal|[silent];-heal|[silent]
heal	4294967297	wish	1	51	0	0	-	1,2,3,4	-
