forme	charizard:0	true	charizard	pikachu	161	211	204,192,254,206,236	204,192,254,206,236	Fire,Flying	Fire/Flying	-	1	0	static	static	905	236	0	1,2,3,4	thunderbolt:24:24:0:false:-,uturn:32:32:0:false:-	24,32	-formechange
forme	charizard:1	true	charizard	charizard	247	297	204,192,254,206,236	204,192,254,206,236	Fire,Flying	Fire/Flying	-	1	0	blaze	blaze	905	236	1	1,2,3,4	thunderbolt:24:24:0:false:-,uturn:32:32:0:false:-	24,32	detailschange,-heal,-heal
forme	rotomheat:0	true	rotomheat	pikachu	161	211	166,250,246,250,208	166,250,246,250,208	Electric,Fire	Electric/Fire	-	1	0	static	static	3	208	0	1,2,3,4	thunderbolt:24:24:0:false:-,uturn:32:32:0:false:-	24,32	-formechange
forme	rotomheat:1	true	rotomheat	rotomheat	191	241	166,250,246,250,208	166,250,246,250,208	Electric,Fire	Electric/Fire	-	1	0	levitate	levitate	3	208	1	1,2,3,4	thunderbolt:24:24:0:false:-,uturn:32:32:0:false:-	24,32	detailschange,-heal,-heal
forme	darmanitanzen:0	true	darmanitanzen	pikachu	161	211	96,246,316,246,146	96,246,316,246,146	Fire,Psychic	Fire/Psychic	-	1	0	static	static	929	146	0	1,2,3,4	thunderbolt:24:24:0:false:-,uturn:32:32:0:false:-	24,32	-formechange
forme	darmanitanzen:1	true	darmanitanzen	darmanitanzen	301	351	96,246,316,246,146	96,246,316,246,146	Fire,Psychic	Fire/Psychic	-	1	0	zenmode	zenmode	929	146	1	1,2,3,4	thunderbolt:24:24:0:false:-,uturn:32:32:0:false:-	24,32	detailschange,-heal,-heal
forme	mimikyubusted:0	true	mimikyubusted	pikachu	161	211	216,196,136,246,228	216,196,136,246,228	Ghost,Fairy	Ghost/Fairy	-	1	0	static	static	7	228	0	1,2,3,4	thunderbolt:24:24:0:false:-,uturn:32:32:0:false:-	24,32	-formechange
forme	mimikyubusted:1	true	mimikyubusted	mimikyubusted	201	251	216,196,136,246,228	216,196,136,246,228	Ghost,Fairy	Ghost/Fairy	-	1	0	disguise	disguise	7	228	1	1,2,3,4	thunderbolt:24:24:0:false:-,uturn:32:32:0:false:-	24,32	detailschange,-heal,-heal
species	charizard	charizard	charizard	pikachu	211	211	204,192,254,206,236	204,192,254,206,236	Fire,Flying	Fire/Flying	-	1	0	static	static	905	236	0	1,2,3,4	thunderbolt:24:24:0:false:-,uturn:32:32:0:false:-	24,32	-
species	rotomheat	rotomheat	rotomheat	pikachu	211	211	166,250,246,250,208	166,250,246,250,208	Electric,Fire	Electric/Fire	-	1	0	static	static	3	208	0	1,2,3,4	thunderbolt:24:24:0:false:-,uturn:32:32:0:false:-	24,32	-
transform	charizard	true	charizard	pikachu	211	211	234,192,254,206,236	146,116,136,136,216	Fire,Flying	Fire/Flying	-	0	1	static	static	905	236	1	1,2,3,4	thunderbolt:5:5:0:false:-,uturn:5:5:0:false:-	24,32	-transform
transformpp	-	true	charizard	pikachu	211	211	234,192,254,206,236	146,116,136,136,216	Fire,Flying	Fire/Flying	-	0	1	static	static	905	236	1	1,2,3,4	thunderbolt:3:5:1:false:-,uturn:5:5:0:false:-	24,32	-transform
clearvolatile	-	true	pikachu	pikachu	211	211	146,116,136,136,216	146,116,136,136,216	Electric	Electric	-	1	0	static	static	60	216	1	1,2,3,4	thunderbolt:24:24:0:false:-,uturn:32:32:0:false:-	24,32	-transform
disable	0	true	pikachu	pikachu	211	211	146,116,136,136,216	146,116,136,136,216	Electric	Electric	-	1	0	static	static	60	216	0	1,2,3,4	thunderbolt:24:24:0:true:confusion,uturn:32:32:0:false:-	24,32	-
pp	0	true	pikachu	pikachu	211	211	146,116,136,136,216	146,116,136,136,216	Electric	Electric	-	1	0	static	static	60	216	0	1,2,3,4	thunderbolt:0:24:1:true:confusion,uturn:32:32:0:false:-	0,32	-
disable	1	true	pikachu	pikachu	211	211	146,116,136,136,216	146,116,136,136,216	Electric	Electric	-	1	0	static	static	60	216	0	1,2,3,4	thunderbolt:24:24:0:hidden:confusion,uturn:32:32:0:false:-	24,32	-
pp	1	true	pikachu	pikachu	211	211	146,116,136,136,216	146,116,136,136,216	Electric	Electric	-	1	0	static	static	60	216	0	1,2,3,4	thunderbolt:0:24:1:hidden:confusion,uturn:32:32:0:false:-	0,32	-
type	Water	true	pikachu	pikachu	211	211	146,116,136,136,216	146,116,136,136,216	Water	Water	-	1	0	static	static	60	216	0	1,2,3,4	thunderbolt:24:24:0:false:-,uturn:32:32:0:false:-	24,32	-
addtype	Ghost	true	pikachu	pikachu	211	211	146,116,136,136,216	146,116,136,136,216	Water	Water	Ghost	1	0	static	static	60	216	0	1,2,3,4	thunderbolt:24:24:0:false:-,uturn:32:32:0:false:-	24,32	-
type	Fire,Flying	true	pikachu	pikachu	211	211	146,116,136,136,216	146,116,136,136,216	Fire,Flying	Fire/Flying	-	1	0	static	static	60	216	0	1,2,3,4	thunderbolt:24:24:0:false:-,uturn:32:32:0:false:-	24,32	-
addtype	Ghost	true	pikachu	pikachu	211	211	146,116,136,136,216	146,116,136,136,216	Fire,Flying	Fire/Flying	Ghost	1	0	static	static	60	216	0	1,2,3,4	thunderbolt:24:24:0:false:-,uturn:32:32:0:false:-	24,32	-
teratype	Electric	false	pikachu	pikachu	211	211	146,116,136,136,216	146,116,136,136,216	Electric	Electric	-	1	0	static	static	60	216	0	1,2,3,4	thunderbolt:24:24:0:false:-,uturn:32:32:0:false:-	24,32	-
teratype	Stellar	false	pikachu	pikachu	211	211	146,116,136,136,216	146,116,136,136,216	Electric	Electric	-	1	0	static	static	60	216	0	1,2,3,4	thunderbolt:24:24:0:false:-,uturn:32:32:0:false:-	24,32	-
copy	confusion	true	pikachu	pikachu	211	211	146,116,136,136,216	146,116,136,136,216	Electric	Electric	-	1	0	static	static	60	216	2	30982,33910,19571,50263	thunderbolt:24:24:0:false:-,uturn:32:32:0:false:-	24,32	-start
side	brn	true	pikachu	pikachu	211	211	146,116,136,136,216	146,116,136,136,216	Electric	Electric	-	1	0	static	static	60	216	1	1,2,3,4	thunderbolt:24:24:0:false:-,uturn:32:32:0:false:-	24,32	-
slot	brn	true	pikachu	pikachu	211	211	146,116,136,136,216	146,116,136,136,216	Electric	Electric	-	1	0	static	static	60	216	1	1,2,3,4	thunderbolt:24:24:0:false:-,uturn:32:32:0:false:-	24,32	-
weather	brn	true	pikachu	pikachu	211	211	146,116,136,136,216	146,116,136,136,216	Electric	Electric	-	1	0	static	static	60	216	0	43514,9542,40559,8561	thunderbolt:24:24:0:false:-,uturn:32:32:0:false:-	24,32	-
terrain	brn	true	pikachu	pikachu	211	211	146,116,136,136,216	146,116,136,136,216	Electric	Electric	-	1	0	static	static	60	216	0	43514,9542,40559,8561	thunderbolt:24:24:0:false:-,uturn:32:32:0:false:-	24,32	-
pseudo	brn	true	pikachu	pikachu	211	211	146,116,136,136,216	146,116,136,136,216	Electric	Electric	-	1	0	static	static	60	216	0	1,2,3,4	thunderbolt:24:24:0:false:-,uturn:32:32:0:false:-	24,32	-
side	confusion	true	pikachu	pikachu	211	211	146,116,136,136,216	146,116,136,136,216	Electric	Electric	-	1	0	static	static	60	216	1	1,2,3,4	thunderbolt:24:24:0:false:-,uturn:32:32:0:false:-	24,32	-
slot	confusion	true	pikachu	pikachu	211	211	146,116,136,136,216	146,116,136,136,216	Electric	Electric	-	1	0	static	static	60	216	1	30982,33910,19571,50263	thunderbolt:24:24:0:false:-,uturn:32:32:0:false:-	24,32	-start
weather	confusion	true	pikachu	pikachu	211	211	146,116,136,136,216	146,116,136,136,216	Electric	Electric	-	1	0	static	static	60	216	0	43514,9542,40559,8561	thunderbolt:24:24:0:false:-,uturn:32:32:0:false:-	24,32	-
terrain	confusion	true	pikachu	pikachu	211	211	146,116,136,136,216	146,116,136,136,216	Electric	Electric	-	1	0	static	static	60	216	0	43514,9542,40559,8561	thunderbolt:24:24:0:false:-,uturn:32:32:0:false:-	24,32	-
pseudo	confusion	true	pikachu	pikachu	211	211	146,116,136,136,216	146,116,136,136,216	Electric	Electric	-	1	0	static	static	60	216	0	1,2,3,4	thunderbolt:24:24:0:false:-,uturn:32:32:0:false:-	24,32	-
skillswap	hugepower	undefined	pikachu	pikachu	211	211	146,116,136,136,216	146,116,136,136,216	Electric	Electric	-	1	0	hugepower	static	60	216	2	1,2,3,4	thunderbolt:24:24:0:false:-,uturn:32:32:0:false:-	24,32	-activate
