status	brn	true	brn	211	choicescarf	-	static	1	1,2,3,4	-	-	-status
status	par	false	-	211	choicescarf	-	static	0	1,2,3,4	-	-	-
status	slp	true	slp	211	choicescarf	-	static	1	30982,33910,19571,50263	-	-	-status
status	frz	true	frz	211	choicescarf	-	static	1	1,2,3,4	-	-	-status
status	psn	true	psn	211	choicescarf	-	static	1	1,2,3,4	-	-	-status
status	tox	true	tox	211	choicescarf	-	static	1	1,2,3,4	-	-	-status
cure	brn	true	-	211	choicescarf	-	static	1	1,2,3,4	-	-	-status,-curestatus
cure	slp	true	-	211	choicescarf	-	static	1	30982,33910,19571,50263	-	-	-status,-curestatus
volatile	confusion	true	-	211	choicescarf	-	static	1	30982,33910,19571,50263	confusion	-	-start
volatile	protect	true	-	211	choicescarf	-	static	1	1,2,3,4	protect	1	-singleturn
volatile	substitute	true	-	211	choicescarf	-	static	1	1,2,3,4	substitute	-	-start
volatile	taunt	true	-	211	choicescarf	-	static	1	1,2,3,4	taunt	3	-start
side	tailwind	true	-	211	choicescarf	-	static	1	1,2,3,4	-	4	-sidestart
side	reflect	true	-	211	choicescarf	-	static	1	1,2,3,4	-	5	-sidestart
side	lightscreen	true	-	211	choicescarf	-	static	1	1,2,3,4	-	5	-sidestart
weather	raindance	true	-	211	choicescarf	-	static	0	43514,9542,40559,8561	-	5	-weather
weather	sunnyday	true	-	211	choicescarf	-	static	0	43514,9542,40559,8561	-	5	-weather
weather	snowscape	true	-	211	choicescarf	-	static	0	43514,9542,40559,8561	-	5	-weather
weather	sandstorm	true	-	211	choicescarf	-	static	0	43514,9542,40559,8561	-	5	-weather
terrain	electricterrain	true	-	211	choicescarf	-	static	0	43514,9542,40559,8561	-	5	-fieldstart
terrain	grassyterrain	true	-	211	choicescarf	-	static	0	43514,9542,40559,8561	-	5	-fieldstart
terrain	mistyterrain	true	-	211	choicescarf	-	static	0	43514,9542,40559,8561	-	5	-fieldstart
terrain	psychicterrain	true	-	211	choicescarf	-	static	0	43514,9542,40559,8561	-	5	-fieldstart
pseudo	trickroom	true	-	211	choicescarf	-	static	0	1,2,3,4	-	5	-fieldstart
pseudo	gravity	true	-	211	choicescarf	-	static	0	1,2,3,4	-	5	-fieldstart
take	-	choicescarf	-	211	-	-	static	0	1,2,3,4	-	-	-
set	-	true	-	211	leftovers	-	static	1	1,2,3,4	-	-	-
clear	-	true	-	211	-	-	static	0	1,2,3,4	-	-	-
use	-	true	-	211	-	choicescarf	static	0	1,2,3,4	-	-	-enditem
ability	levitate	static	-	211	choicescarf	-	levitate	1	1,2,3,4	-	-	-ability
ability	hugepower	static	-	211	choicescarf	-	hugepower	1	1,2,3,4	-	-	-ability
ability	-	static	-	211	choicescarf	-	-	0	1,2,3,4	-	-	-ability
boost	static	true	-	211	choicescarf	-	static	0	1,2,3,4	-	2,-1,2,-1,2,0,0	-unboost,-unboost,-boost,-boost,-boost
boost	contrary	true	-	211	choicescarf	-	contrary	0	1,2,3,4	-	-2,1,-2,1,-2,0,0	-boost,-boost,-unboost,-unboost,-unboost
boost	simple	true	-	211	choicescarf	-	simple	0	1,2,3,4	-	4,-2,4,-2,4,0,0	-unboost,-unboost,-boost,-boost,-boost
boost	clearbody	true	-	211	choicescarf	-	clearbody	0	1,2,3,4	-	2,0,2,0,2,0,0	-fail,-boost,-boost,-boost
