# ability	hook	moveType	flags	hp	activeTurns	basePower	modifier	recoil	crash	forceSTAB	expectedModifier	expectedRelay
adaptability	onModifySTAB	Normal	0	41	1	40	4096	0	0	1	4096	2
adaptability	onModifySTAB	Normal	1	40	0	40	4096	0	1	1	4096	2
adaptability	onModifySTAB	Normal	1	40	1	61	6144	1	0	1	6144	2
adaptability	onModifySTAB	Fire	0	41	1	40	4096	0	0	1	4096	2
adaptability	onModifySTAB	Fire	1	40	0	40	4096	0	1	1	4096	2
adaptability	onModifySTAB	Fire	1	40	1	61	6144	1	0	1	6144	2
adaptability	onModifySTAB	Grass	0	41	1	40	4096	0	0	1	4096	2
adaptability	onModifySTAB	Grass	1	40	0	40	4096	0	1	1	4096	2
adaptability	onModifySTAB	Grass	1	40	1	61	6144	1	0	1	6144	2
adaptability	onModifySTAB	Bug	0	41	1	40	4096	0	0	1	4096	2
adaptability	onModifySTAB	Bug	1	40	0	40	4096	0	1	1	4096	2
adaptability	onModifySTAB	Bug	1	40	1	61	6144	1	0	1	6144	2
adaptability	onModifySTAB	Water	0	41	1	40	4096	0	0	1	4096	2
adaptability	onModifySTAB	Water	1	40	0	40	4096	0	1	1	4096	2
adaptability	onModifySTAB	Water	1	40	1	61	6144	1	0	1	6144	2
adaptability	onModifySTAB	Dragon	0	41	1	40	4096	0	0	1	4096	2
adaptability	onModifySTAB	Dragon	1	40	0	40	4096	0	1	1	4096	2
adaptability	onModifySTAB	Dragon	1	40	1	61	6144	1	0	1	6144	2
adaptability	onModifySTAB	Rock	0	41	1	40	4096	0	0	1	4096	2
adaptability	onModifySTAB	Rock	1	40	0	40	4096	0	1	1	4096	2
adaptability	onModifySTAB	Rock	1	40	1	61	6144	1	0	1	6144	2
adaptability	onModifySTAB	Electric	0	41	1	40	4096	0	0	1	4096	2
adaptability	onModifySTAB	Electric	1	40	0	40	4096	0	1	1	4096	2
adaptability	onModifySTAB	Electric	1	40	1	61	6144	1	0	1	6144	2
blaze	onModifyAtk	Normal	0	41	1	40	4096	0	0	1	4096	undefined
blaze	onModifyAtk	Normal	1	40	0	40	4096	0	1	1	4096	undefined
blaze	onModifyAtk	Normal	1	40	1	61	6144	1	0	1	6144	undefined
blaze	onModifyAtk	Fire	0	41	1	40	4096	0	0	1	4096	undefined
blaze	onModifyAtk	Fire	1	40	0	40	4096	0	1	1	6144	undefined
blaze	onModifyAtk	Fire	1	40	1	61	6144	1	0	1	9216	undefined
blaze	onModifyAtk	Grass	0	41	1	40	4096	0	0	1	4096	undefined
blaze	onModifyAtk	Grass	1	40	0	40	4096	0	1	1	4096	undefined
blaze	onModifyAtk	Grass	1	40	1	61	6144	1	0	1	6144	undefined
blaze	onModifyAtk	Bug	0	41	1	40	4096	0	0	1	4096	undefined
blaze	onModifyAtk	Bug	1	40	0	40	4096	0	1	1	4096	undefined
blaze	onModifyAtk	Bug	1	40	1	61	6144	1	0	1	6144	undefined
blaze	onModifyAtk	Water	0	41	1	40	4096	0	0	1	4096	undefined
blaze	onModifyAtk	Water	1	40	0	40	4096	0	1	1	4096	undefined
blaze	onModifyAtk	Water	1	40	1	61	6144	1	0	1	6144	undefined
blaze	onModifyAtk	Dragon	0	41	1	40	4096	0	0	1	4096	undefined
blaze	onModifyAtk	Dragon	1	40	0	40	4096	0	1	1	4096	undefined
blaze	onModifyAtk	Dragon	1	40	1	61	6144	1	0	1	6144	undefined
blaze	onModifyAtk	Rock	0	41	1	40	4096	0	0	1	4096	undefined
blaze	onModifyAtk	Rock	1	40	0	40	4096	0	1	1	4096	undefined
blaze	onModifyAtk	Rock	1	40	1	61	6144	1	0	1	6144	undefined
blaze	onModifyAtk	Electric	0	41	1	40	4096	0	0	1	4096	undefined
blaze	onModifyAtk	Electric	1	40	0	40	4096	0	1	1	4096	undefined
blaze	onModifyAtk	Electric	1	40	1	61	6144	1	0	1	6144	undefined
blaze	onModifySpA	Normal	0	41	1	40	4096	0	0	1	4096	undefined
blaze	onModifySpA	Normal	1	40	0	40	4096	0	1	1	4096	undefined
blaze	onModifySpA	Normal	1	40	1	61	6144	1	0	1	6144	undefined
blaze	onModifySpA	Fire	0	41	1	40	4096	0	0	1	4096	undefined
blaze	onModifySpA	Fire	1	40	0	40	4096	0	1	1	6144	undefined
blaze	onModifySpA	Fire	1	40	1	61	6144	1	0	1	9216	undefined
blaze	onModifySpA	Grass	0	41	1	40	4096	0	0	1	4096	undefined
blaze	onModifySpA	Grass	1	40	0	40	4096	0	1	1	4096	undefined
blaze	onModifySpA	Grass	1	40	1	61	6144	1	0	1	6144	undefined
blaze	onModifySpA	Bug	0	41	1	40	4096	0	0	1	4096	undefined
blaze	onModifySpA	Bug	1	40	0	40	4096	0	1	1	4096	undefined
blaze	onModifySpA	Bug	1	40	1	61	6144	1	0	1	6144	undefined
blaze	onModifySpA	Water	0	41	1	40	4096	0	0	1	4096	undefined
blaze	onModifySpA	Water	1	40	0	40	4096	0	1	1	4096	undefined
blaze	onModifySpA	Water	1	40	1	61	6144	1	0	1	6144	undefined
blaze	onModifySpA	Dragon	0	41	1	40	4096	0	0	1	4096	undefined
blaze	onModifySpA	Dragon	1	40	0	40	4096	0	1	1	4096	undefined
blaze	onModifySpA	Dragon	1	40	1	61	6144	1	0	1	6144	undefined
blaze	onModifySpA	Rock	0	41	1	40	4096	0	0	1	4096	undefined
blaze	onModifySpA	Rock	1	40	0	40	4096	0	1	1	4096	undefined
blaze	onModifySpA	Rock	1	40	1	61	6144	1	0	1	6144	undefined
blaze	onModifySpA	Electric	0	41	1	40	4096	0	0	1	4096	undefined
blaze	onModifySpA	Electric	1	40	0	40	4096	0	1	1	4096	undefined
blaze	onModifySpA	Electric	1	40	1	61	6144	1	0	1	6144	undefined
dragonsmaw	onModifyAtk	Normal	0	41	1	40	4096	0	0	1	4096	undefined
dragonsmaw	onModifyAtk	Normal	1	40	0	40	4096	0	1	1	4096	undefined
dragonsmaw	onModifyAtk	Normal	1	40	1	61	6144	1	0	1	6144	undefined
dragonsmaw	onModifyAtk	Fire	0	41	1	40	4096	0	0	1	4096	undefined
dragonsmaw	onModifyAtk	Fire	1	40	0	40	4096	0	1	1	4096	undefined
dragonsmaw	onModifyAtk	Fire	1	40	1	61	6144	1	0	1	6144	undefined
dragonsmaw	onModifyAtk	Grass	0	41	1	40	4096	0	0	1	4096	undefined
dragonsmaw	onModifyAtk	Grass	1	40	0	40	4096	0	1	1	4096	undefined
dragonsmaw	onModifyAtk	Grass	1	40	1	61	6144	1	0	1	6144	undefined
dragonsmaw	onModifyAtk	Bug	0	41	1	40	4096	0	0	1	4096	undefined
dragonsmaw	onModifyAtk	Bug	1	40	0	40	4096	0	1	1	4096	undefined
dragonsmaw	onModifyAtk	Bug	1	40	1	61	6144	1	0	1	6144	undefined
dragonsmaw	onModifyAtk	Water	0	41	1	40	4096	0	0	1	4096	undefined
dragonsmaw	onModifyAtk	Water	1	40	0	40	4096	0	1	1	4096	undefined
dragonsmaw	onModifyAtk	Water	1	40	1	61	6144	1	0	1	6144	undefined
dragonsmaw	onModifyAtk	Dragon	0	41	1	40	4096	0	0	1	6144	undefined
dragonsmaw	onModifyAtk	Dragon	1	40	0	40	4096	0	1	1	6144	undefined
dragonsmaw	onModifyAtk	Dragon	1	40	1	61	6144	1	0	1	9216	undefined
dragonsmaw	onModifyAtk	Rock	0	41	1	40	4096	0	0	1	4096	undefined
dragonsmaw	onModifyAtk	Rock	1	40	0	40	4096	0	1	1	4096	undefined
dragonsmaw	onModifyAtk	Rock	1	40	1	61	6144	1	0	1	6144	undefined
dragonsmaw	onModifyAtk	Electric	0	41	1	40	4096	0	0	1	4096	undefined
dragonsmaw	onModifyAtk	Electric	1	40	0	40	4096	0	1	1	4096	undefined
dragonsmaw	onModifyAtk	Electric	1	40	1	61	6144	1	0	1	6144	undefined
dragonsmaw	onModifySpA	Normal	0	41	1	40	4096	0	0	1	4096	undefined
dragonsmaw	onModifySpA	Normal	1	40	0	40	4096	0	1	1	4096	undefined
dragonsmaw	onModifySpA	Normal	1	40	1	61	6144	1	0	1	6144	undefined
dragonsmaw	onModifySpA	Fire	0	41	1	40	4096	0	0	1	4096	undefined
dragonsmaw	onModifySpA	Fire	1	40	0	40	4096	0	1	1	4096	undefined
dragonsmaw	onModifySpA	Fire	1	40	1	61	6144	1	0	1	6144	undefined
dragonsmaw	onModifySpA	Grass	0	41	1	40	4096	0	0	1	4096	undefined
dragonsmaw	onModifySpA	Grass	1	40	0	40	4096	0	1	1	4096	undefined
dragonsmaw	onModifySpA	Grass	1	40	1	61	6144	1	0	1	6144	undefined
dragonsmaw	onModifySpA	Bug	0	41	1	40	4096	0	0	1	4096	undefined
dragonsmaw	onModifySpA	Bug	1	40	0	40	4096	0	1	1	4096	undefined
dragonsmaw	onModifySpA	Bug	1	40	1	61	6144	1	0	1	6144	undefined
dragonsmaw	onModifySpA	Water	0	41	1	40	4096	0	0	1	4096	undefined
dragonsmaw	onModifySpA	Water	1	40	0	40	4096	0	1	1	4096	undefined
dragonsmaw	onModifySpA	Water	1	40	1	61	6144	1	0	1	6144	undefined
dragonsmaw	onModifySpA	Dragon	0	41	1	40	4096	0	0	1	6144	undefined
dragonsmaw	onModifySpA	Dragon	1	40	0	40	4096	0	1	1	6144	undefined
dragonsmaw	onModifySpA	Dragon	1	40	1	61	6144	1	0	1	9216	undefined
dragonsmaw	onModifySpA	Rock	0	41	1	40	4096	0	0	1	4096	undefined
dragonsmaw	onModifySpA	Rock	1	40	0	40	4096	0	1	1	4096	undefined
dragonsmaw	onModifySpA	Rock	1	40	1	61	6144	1	0	1	6144	undefined
dragonsmaw	onModifySpA	Electric	0	41	1	40	4096	0	0	1	4096	undefined
dragonsmaw	onModifySpA	Electric	1	40	0	40	4096	0	1	1	4096	undefined
dragonsmaw	onModifySpA	Electric	1	40	1	61	6144	1	0	1	6144	undefined
guts	onModifyAtk	Normal	0	41	1	40	4096	0	0	1	6144	undefined
guts	onModifyAtk	Normal	1	40	0	40	4096	0	1	1	6144	undefined
guts	onModifyAtk	Normal	1	40	1	61	6144	1	0	1	9216	undefined
guts	onModifyAtk	Fire	0	41	1	40	4096	0	0	1	6144	undefined
guts	onModifyAtk	Fire	1	40	0	40	4096	0	1	1	6144	undefined
guts	onModifyAtk	Fire	1	40	1	61	6144	1	0	1	9216	undefined
guts	onModifyAtk	Grass	0	41	1	40	4096	0	0	1	6144	undefined
guts	onModifyAtk	Grass	1	40	0	40	4096	0	1	1	6144	undefined
guts	onModifyAtk	Grass	1	40	1	61	6144	1	0	1	9216	undefined
guts	onModifyAtk	Bug	0	41	1	40	4096	0	0	1	6144	undefined
guts	onModifyAtk	Bug	1	40	0	40	4096	0	1	1	6144	undefined
guts	onModifyAtk	Bug	1	40	1	61	6144	1	0	1	9216	undefined
guts	onModifyAtk	Water	0	41	1	40	4096	0	0	1	6144	undefined
guts	onModifyAtk	Water	1	40	0	40	4096	0	1	1	6144	undefined
guts	onModifyAtk	Water	1	40	1	61	6144	1	0	1	9216	undefined
guts	onModifyAtk	Dragon	0	41	1	40	4096	0	0	1	6144	undefined
guts	onModifyAtk	Dragon	1	40	0	40	4096	0	1	1	6144	undefined
guts	onModifyAtk	Dragon	1	40	1	61	6144	1	0	1	9216	undefined
guts	onModifyAtk	Rock	0	41	1	40	4096	0	0	1	6144	undefined
guts	onModifyAtk	Rock	1	40	0	40	4096	0	1	1	6144	undefined
guts	onModifyAtk	Rock	1	40	1	61	6144	1	0	1	9216	undefined
guts	onModifyAtk	Electric	0	41	1	40	4096	0	0	1	6144	undefined
guts	onModifyAtk	Electric	1	40	0	40	4096	0	1	1	6144	undefined
guts	onModifyAtk	Electric	1	40	1	61	6144	1	0	1	9216	undefined
heavymetal	onModifyWeight	Normal	0	41	1	40	4096	0	0	1	4096	80
heavymetal	onModifyWeight	Normal	1	40	0	40	4096	0	1	1	4096	80
heavymetal	onModifyWeight	Normal	1	40	1	61	6144	1	0	1	6144	122
heavymetal	onModifyWeight	Fire	0	41	1	40	4096	0	0	1	4096	80
heavymetal	onModifyWeight	Fire	1	40	0	40	4096	0	1	1	4096	80
heavymetal	onModifyWeight	Fire	1	40	1	61	6144	1	0	1	6144	122
heavymetal	onModifyWeight	Grass	0	41	1	40	4096	0	0	1	4096	80
heavymetal	onModifyWeight	Grass	1	40	0	40	4096	0	1	1	4096	80
heavymetal	onModifyWeight	Grass	1	40	1	61	6144	1	0	1	6144	122
heavymetal	onModifyWeight	Bug	0	41	1	40	4096	0	0	1	4096	80
heavymetal	onModifyWeight	Bug	1	40	0	40	4096	0	1	1	4096	80
heavymetal	onModifyWeight	Bug	1	40	1	61	6144	1	0	1	6144	122
heavymetal	onModifyWeight	Water	0	41	1	40	4096	0	0	1	4096	80
heavymetal	onModifyWeight	Water	1	40	0	40	4096	0	1	1	4096	80
heavymetal	onModifyWeight	Water	1	40	1	61	6144	1	0	1	6144	122
heavymetal	onModifyWeight	Dragon	0	41	1	40	4096	0	0	1	4096	80
heavymetal	onModifyWeight	Dragon	1	40	0	40	4096	0	1	1	4096	80
heavymetal	onModifyWeight	Dragon	1	40	1	61	6144	1	0	1	6144	122
heavymetal	onModifyWeight	Rock	0	41	1	40	4096	0	0	1	4096	80
heavymetal	onModifyWeight	Rock	1	40	0	40	4096	0	1	1	4096	80
heavymetal	onModifyWeight	Rock	1	40	1	61	6144	1	0	1	6144	122
heavymetal	onModifyWeight	Electric	0	41	1	40	4096	0	0	1	4096	80
heavymetal	onModifyWeight	Electric	1	40	0	40	4096	0	1	1	4096	80
heavymetal	onModifyWeight	Electric	1	40	1	61	6144	1	0	1	6144	122
hugepower	onModifyAtk	Normal	0	41	1	40	4096	0	0	1	8192	undefined
hugepower	onModifyAtk	Normal	1	40	0	40	4096	0	1	1	8192	undefined
hugepower	onModifyAtk	Normal	1	40	1	61	6144	1	0	1	12288	undefined
hugepower	onModifyAtk	Fire	0	41	1	40	4096	0	0	1	8192	undefined
hugepower	onModifyAtk	Fire	1	40	0	40	4096	0	1	1	8192	undefined
hugepower	onModifyAtk	Fire	1	40	1	61	6144	1	0	1	12288	undefined
hugepower	onModifyAtk	Grass	0	41	1	40	4096	0	0	1	8192	undefined
hugepower	onModifyAtk	Grass	1	40	0	40	4096	0	1	1	8192	undefined
hugepower	onModifyAtk	Grass	1	40	1	61	6144	1	0	1	12288	undefined
hugepower	onModifyAtk	Bug	0	41	1	40	4096	0	0	1	8192	undefined
hugepower	onModifyAtk	Bug	1	40	0	40	4096	0	1	1	8192	undefined
hugepower	onModifyAtk	Bug	1	40	1	61	6144	1	0	1	12288	undefined
hugepower	onModifyAtk	Water	0	41	1	40	4096	0	0	1	8192	undefined
hugepower	onModifyAtk	Water	1	40	0	40	4096	0	1	1	8192	undefined
hugepower	onModifyAtk	Water	1	40	1	61	6144	1	0	1	12288	undefined
hugepower	onModifyAtk	Dragon	0	41	1	40	4096	0	0	1	8192	undefined
hugepower	onModifyAtk	Dragon	1	40	0	40	4096	0	1	1	8192	undefined
hugepower	onModifyAtk	Dragon	1	40	1	61	6144	1	0	1	12288	undefined
hugepower	onModifyAtk	Rock	0	41	1	40	4096	0	0	1	8192	undefined
hugepower	onModifyAtk	Rock	1	40	0	40	4096	0	1	1	8192	undefined
hugepower	onModifyAtk	Rock	1	40	1	61	6144	1	0	1	12288	undefined
hugepower	onModifyAtk	Electric	0	41	1	40	4096	0	0	1	8192	undefined
hugepower	onModifyAtk	Electric	1	40	0	40	4096	0	1	1	8192	undefined
hugepower	onModifyAtk	Electric	1	40	1	61	6144	1	0	1	12288	undefined
ironfist	onBasePower	Normal	0	41	1	40	4096	0	0	1	4096	undefined
ironfist	onBasePower	Normal	1	40	0	40	4096	0	1	1	4915	undefined
ironfist	onBasePower	Normal	1	40	1	61	6144	1	0	1	7373	undefined
ironfist	onBasePower	Fire	0	41	1	40	4096	0	0	1	4096	undefined
ironfist	onBasePower	Fire	1	40	0	40	4096	0	1	1	4915	undefined
ironfist	onBasePower	Fire	1	40	1	61	6144	1	0	1	7373	undefined
ironfist	onBasePower	Grass	0	41	1	40	4096	0	0	1	4096	undefined
ironfist	onBasePower	Grass	1	40	0	40	4096	0	1	1	4915	undefined
ironfist	onBasePower	Grass	1	40	1	61	6144	1	0	1	7373	undefined
ironfist	onBasePower	Bug	0	41	1	40	4096	0	0	1	4096	undefined
ironfist	onBasePower	Bug	1	40	0	40	4096	0	1	1	4915	undefined
ironfist	onBasePower	Bug	1	40	1	61	6144	1	0	1	7373	undefined
ironfist	onBasePower	Water	0	41	1	40	4096	0	0	1	4096	undefined
ironfist	onBasePower	Water	1	40	0	40	4096	0	1	1	4915	undefined
ironfist	onBasePower	Water	1	40	1	61	6144	1	0	1	7373	undefined
ironfist	onBasePower	Dragon	0	41	1	40	4096	0	0	1	4096	undefined
ironfist	onBasePower	Dragon	1	40	0	40	4096	0	1	1	4915	undefined
ironfist	onBasePower	Dragon	1	40	1	61	6144	1	0	1	7373	undefined
ironfist	onBasePower	Rock	0	41	1	40	4096	0	0	1	4096	undefined
ironfist	onBasePower	Rock	1	40	0	40	4096	0	1	1	4915	undefined
ironfist	onBasePower	Rock	1	40	1	61	6144	1	0	1	7373	undefined
ironfist	onBasePower	Electric	0	41	1	40	4096	0	0	1	4096	undefined
ironfist	onBasePower	Electric	1	40	0	40	4096	0	1	1	4915	undefined
ironfist	onBasePower	Electric	1	40	1	61	6144	1	0	1	7373	undefined
megalauncher	onBasePower	Normal	0	41	1	40	4096	0	0	1	4096	undefined
megalauncher	onBasePower	Normal	1	40	0	40	4096	0	1	1	6144	undefined
megalauncher	onBasePower	Normal	1	40	1	61	6144	1	0	1	9216	undefined
megalauncher	onBasePower	Fire	0	41	1	40	4096	0	0	1	4096	undefined
megalauncher	onBasePower	Fire	1	40	0	40	4096	0	1	1	6144	undefined
megalauncher	onBasePower	Fire	1	40	1	61	6144	1	0	1	9216	undefined
megalauncher	onBasePower	Grass	0	41	1	40	4096	0	0	1	4096	undefined
megalauncher	onBasePower	Grass	1	40	0	40	4096	0	1	1	6144	undefined
megalauncher	onBasePower	Grass	1	40	1	61	6144	1	0	1	9216	undefined
megalauncher	onBasePower	Bug	0	41	1	40	4096	0	0	1	4096	undefined
megalauncher	onBasePower	Bug	1	40	0	40	4096	0	1	1	6144	undefined
megalauncher	onBasePower	Bug	1	40	1	61	6144	1	0	1	9216	undefined
megalauncher	onBasePower	Water	0	41	1	40	4096	0	0	1	4096	undefined
megalauncher	onBasePower	Water	1	40	0	40	4096	0	1	1	6144	undefined
megalauncher	onBasePower	Water	1	40	1	61	6144	1	0	1	9216	undefined
megalauncher	onBasePower	Dragon	0	41	1	40	4096	0	0	1	4096	undefined
megalauncher	onBasePower	Dragon	1	40	0	40	4096	0	1	1	6144	undefined
megalauncher	onBasePower	Dragon	1	40	1	61	6144	1	0	1	9216	undefined
megalauncher	onBasePower	Rock	0	41	1	40	4096	0	0	1	4096	undefined
megalauncher	onBasePower	Rock	1	40	0	40	4096	0	1	1	6144	undefined
megalauncher	onBasePower	Rock	1	40	1	61	6144	1	0	1	9216	undefined
megalauncher	onBasePower	Electric	0	41	1	40	4096	0	0	1	4096	undefined
megalauncher	onBasePower	Electric	1	40	0	40	4096	0	1	1	6144	undefined
megalauncher	onBasePower	Electric	1	40	1	61	6144	1	0	1	9216	undefined
overgrow	onModifyAtk	Normal	0	41	1	40	4096	0	0	1	4096	undefined
overgrow	onModifyAtk	Normal	1	40	0	40	4096	0	1	1	4096	undefined
overgrow	onModifyAtk	Normal	1	40	1	61	6144	1	0	1	6144	undefined
overgrow	onModifyAtk	Fire	0	41	1	40	4096	0	0	1	4096	undefined
overgrow	onModifyAtk	Fire	1	40	0	40	4096	0	1	1	4096	undefined
overgrow	onModifyAtk	Fire	1	40	1	61	6144	1	0	1	6144	undefined
overgrow	onModifyAtk	Grass	0	41	1	40	4096	0	0	1	4096	undefined
overgrow	onModifyAtk	Grass	1	40	0	40	4096	0	1	1	6144	undefined
overgrow	onModifyAtk	Grass	1	40	1	61	6144	1	0	1	9216	undefined
overgrow	onModifyAtk	Bug	0	41	1	40	4096	0	0	1	4096	undefined
overgrow	onModifyAtk	Bug	1	40	0	40	4096	0	1	1	4096	undefined
overgrow	onModifyAtk	Bug	1	40	1	61	6144	1	0	1	6144	undefined
overgrow	onModifyAtk	Water	0	41	1	40	4096	0	0	1	4096	undefined
overgrow	onModifyAtk	Water	1	40	0	40	4096	0	1	1	4096	undefined
overgrow	onModifyAtk	Water	1	40	1	61	6144	1	0	1	6144	undefined
overgrow	onModifyAtk	Dragon	0	41	1	40	4096	0	0	1	4096	undefined
overgrow	onModifyAtk	Dragon	1	40	0	40	4096	0	1	1	4096	undefined
overgrow	onModifyAtk	Dragon	1	40	1	61	6144	1	0	1	6144	undefined
overgrow	onModifyAtk	Rock	0	41	1	40	4096	0	0	1	4096	undefined
overgrow	onModifyAtk	Rock	1	40	0	40	4096	0	1	1	4096	undefined
overgrow	onModifyAtk	Rock	1	40	1	61	6144	1	0	1	6144	undefined
overgrow	onModifyAtk	Electric	0	41	1	40	4096	0	0	1	4096	undefined
overgrow	onModifyAtk	Electric	1	40	0	40	4096	0	1	1	4096	undefined
overgrow	onModifyAtk	Electric	1	40	1	61	6144	1	0	1	6144	undefined
overgrow	onModifySpA	Normal	0	41	1	40	4096	0	0	1	4096	undefined
overgrow	onModifySpA	Normal	1	40	0	40	4096	0	1	1	4096	undefined
overgrow	onModifySpA	Normal	1	40	1	61	6144	1	0	1	6144	undefined
overgrow	onModifySpA	Fire	0	41	1	40	4096	0	0	1	4096	undefined
overgrow	onModifySpA	Fire	1	40	0	40	4096	0	1	1	4096	undefined
overgrow	onModifySpA	Fire	1	40	1	61	6144	1	0	1	6144	undefined
overgrow	onModifySpA	Grass	0	41	1	40	4096	0	0	1	4096	undefined
overgrow	onModifySpA	Grass	1	40	0	40	4096	0	1	1	6144	undefined
overgrow	onModifySpA	Grass	1	40	1	61	6144	1	0	1	9216	undefined
overgrow	onModifySpA	Bug	0	41	1	40	4096	0	0	1	4096	undefined
overgrow	onModifySpA	Bug	1	40	0	40	4096	0	1	1	4096	undefined
overgrow	onModifySpA	Bug	1	40	1	61	6144	1	0	1	6144	undefined
overgrow	onModifySpA	Water	0	41	1	40	4096	0	0	1	4096	undefined
overgrow	onModifySpA	Water	1	40	0	40	4096	0	1	1	4096	undefined
overgrow	onModifySpA	Water	1	40	1	61	6144	1	0	1	6144	undefined
overgrow	onModifySpA	Dragon	0	41	1	40	4096	0	0	1	4096	undefined
overgrow	onModifySpA	Dragon	1	40	0	40	4096	0	1	1	4096	undefined
overgrow	onModifySpA	Dragon	1	40	1	61	6144	1	0	1	6144	undefined
overgrow	onModifySpA	Rock	0	41	1	40	4096	0	0	1	4096	undefined
overgrow	onModifySpA	Rock	1	40	0	40	4096	0	1	1	4096	undefined
overgrow	onModifySpA	Rock	1	40	1	61	6144	1	0	1	6144	undefined
overgrow	onModifySpA	Electric	0	41	1	40	4096	0	0	1	4096	undefined
overgrow	onModifySpA	Electric	1	40	0	40	4096	0	1	1	4096	undefined
overgrow	onModifySpA	Electric	1	40	1	61	6144	1	0	1	6144	undefined
purepower	onModifyAtk	Normal	0	41	1	40	4096	0	0	1	8192	undefined
purepower	onModifyAtk	Normal	1	40	0	40	4096	0	1	1	8192	undefined
purepower	onModifyAtk	Normal	1	40	1	61	6144	1	0	1	12288	undefined
purepower	onModifyAtk	Fire	0	41	1	40	4096	0	0	1	8192	undefined
purepower	onModifyAtk	Fire	1	40	0	40	4096	0	1	1	8192	undefined
purepower	onModifyAtk	Fire	1	40	1	61	6144	1	0	1	12288	undefined
purepower	onModifyAtk	Grass	0	41	1	40	4096	0	0	1	8192	undefined
purepower	onModifyAtk	Grass	1	40	0	40	4096	0	1	1	8192	undefined
purepower	onModifyAtk	Grass	1	40	1	61	6144	1	0	1	12288	undefined
purepower	onModifyAtk	Bug	0	41	1	40	4096	0	0	1	8192	undefined
purepower	onModifyAtk	Bug	1	40	0	40	4096	0	1	1	8192	undefined
purepower	onModifyAtk	Bug	1	40	1	61	6144	1	0	1	12288	undefined
purepower	onModifyAtk	Water	0	41	1	40	4096	0	0	1	8192	undefined
purepower	onModifyAtk	Water	1	40	0	40	4096	0	1	1	8192	undefined
purepower	onModifyAtk	Water	1	40	1	61	6144	1	0	1	12288	undefined
purepower	onModifyAtk	Dragon	0	41	1	40	4096	0	0	1	8192	undefined
purepower	onModifyAtk	Dragon	1	40	0	40	4096	0	1	1	8192	undefined
purepower	onModifyAtk	Dragon	1	40	1	61	6144	1	0	1	12288	undefined
purepower	onModifyAtk	Rock	0	41	1	40	4096	0	0	1	8192	undefined
purepower	onModifyAtk	Rock	1	40	0	40	4096	0	1	1	8192	undefined
purepower	onModifyAtk	Rock	1	40	1	61	6144	1	0	1	12288	undefined
purepower	onModifyAtk	Electric	0	41	1	40	4096	0	0	1	8192	undefined
purepower	onModifyAtk	Electric	1	40	0	40	4096	0	1	1	8192	undefined
purepower	onModifyAtk	Electric	1	40	1	61	6144	1	0	1	12288	undefined
reckless	onBasePower	Normal	0	41	1	40	4096	0	0	1	4096	undefined
reckless	onBasePower	Normal	1	40	0	40	4096	0	1	1	4915	undefined
reckless	onBasePower	Normal	1	40	1	61	6144	1	0	1	7373	undefined
reckless	onBasePower	Fire	0	41	1	40	4096	0	0	1	4096	undefined
reckless	onBasePower	Fire	1	40	0	40	4096	0	1	1	4915	undefined
reckless	onBasePower	Fire	1	40	1	61	6144	1	0	1	7373	undefined
reckless	onBasePower	Grass	0	41	1	40	4096	0	0	1	4096	undefined
reckless	onBasePower	Grass	1	40	0	40	4096	0	1	1	4915	undefined
reckless	onBasePower	Grass	1	40	1	61	6144	1	0	1	7373	undefined
reckless	onBasePower	Bug	0	41	1	40	4096	0	0	1	4096	undefined
reckless	onBasePower	Bug	1	40	0	40	4096	0	1	1	4915	undefined
reckless	onBasePower	Bug	1	40	1	61	6144	1	0	1	7373	undefined
reckless	onBasePower	Water	0	41	1	40	4096	0	0	1	4096	undefined
reckless	onBasePower	Water	1	40	0	40	4096	0	1	1	4915	undefined
reckless	onBasePower	Water	1	40	1	61	6144	1	0	1	7373	undefined
reckless	onBasePower	Dragon	0	41	1	40	4096	0	0	1	4096	undefined
reckless	onBasePower	Dragon	1	40	0	40	4096	0	1	1	4915	undefined
reckless	onBasePower	Dragon	1	40	1	61	6144	1	0	1	7373	undefined
reckless	onBasePower	Rock	0	41	1	40	4096	0	0	1	4096	undefined
reckless	onBasePower	Rock	1	40	0	40	4096	0	1	1	4915	undefined
reckless	onBasePower	Rock	1	40	1	61	6144	1	0	1	7373	undefined
reckless	onBasePower	Electric	0	41	1	40	4096	0	0	1	4096	undefined
reckless	onBasePower	Electric	1	40	0	40	4096	0	1	1	4915	undefined
reckless	onBasePower	Electric	1	40	1	61	6144	1	0	1	7373	undefined
rockypayload	onModifyAtk	Normal	0	41	1	40	4096	0	0	1	4096	undefined
rockypayload	onModifyAtk	Normal	1	40	0	40	4096	0	1	1	4096	undefined
rockypayload	onModifyAtk	Normal	1	40	1	61	6144	1	0	1	6144	undefined
rockypayload	onModifyAtk	Fire	0	41	1	40	4096	0	0	1	4096	undefined
rockypayload	onModifyAtk	Fire	1	40	0	40	4096	0	1	1	4096	undefined
rockypayload	onModifyAtk	Fire	1	40	1	61	6144	1	0	1	6144	undefined
rockypayload	onModifyAtk	Grass	0	41	1	40	4096	0	0	1	4096	undefined
rockypayload	onModifyAtk	Grass	1	40	0	40	4096	0	1	1	4096	undefined
rockypayload	onModifyAtk	Grass	1	40	1	61	6144	1	0	1	6144	undefined
rockypayload	onModifyAtk	Bug	0	41	1	40	4096	0	0	1	4096	undefined
rockypayload	onModifyAtk	Bug	1	40	0	40	4096	0	1	1	4096	undefined
rockypayload	onModifyAtk	Bug	1	40	1	61	6144	1	0	1	6144	undefined
rockypayload	onModifyAtk	Water	0	41	1	40	4096	0	0	1	4096	undefined
rockypayload	onModifyAtk	Water	1	40	0	40	4096	0	1	1	4096	undefined
rockypayload	onModifyAtk	Water	1	40	1	61	6144	1	0	1	6144	undefined
rockypayload	onModifyAtk	Dragon	0	41	1	40	4096	0	0	1	4096	undefined
rockypayload	onModifyAtk	Dragon	1	40	0	40	4096	0	1	1	4096	undefined
rockypayload	onModifyAtk	Dragon	1	40	1	61	6144	1	0	1	6144	undefined
rockypayload	onModifyAtk	Rock	0	41	1	40	4096	0	0	1	6144	undefined
rockypayload	onModifyAtk	Rock	1	40	0	40	4096	0	1	1	6144	undefined
rockypayload	onModifyAtk	Rock	1	40	1	61	6144	1	0	1	9216	undefined
rockypayload	onModifyAtk	Electric	0	41	1	40	4096	0	0	1	4096	undefined
rockypayload	onModifyAtk	Electric	1	40	0	40	4096	0	1	1	4096	undefined
rockypayload	onModifyAtk	Electric	1	40	1	61	6144	1	0	1	6144	undefined
rockypayload	onModifySpA	Normal	0	41	1	40	4096	0	0	1	4096	undefined
rockypayload	onModifySpA	Normal	1	40	0	40	4096	0	1	1	4096	undefined
rockypayload	onModifySpA	Normal	1	40	1	61	6144	1	0	1	6144	undefined
rockypayload	onModifySpA	Fire	0	41	1	40	4096	0	0	1	4096	undefined
rockypayload	onModifySpA	Fire	1	40	0	40	4096	0	1	1	4096	undefined
rockypayload	onModifySpA	Fire	1	40	1	61	6144	1	0	1	6144	undefined
rockypayload	onModifySpA	Grass	0	41	1	40	4096	0	0	1	4096	undefined
rockypayload	onModifySpA	Grass	1	40	0	40	4096	0	1	1	4096	undefined
rockypayload	onModifySpA	Grass	1	40	1	61	6144	1	0	1	6144	undefined
rockypayload	onModifySpA	Bug	0	41	1	40	4096	0	0	1	4096	undefined
rockypayload	onModifySpA	Bug	1	40	0	40	4096	0	1	1	4096	undefined
rockypayload	onModifySpA	Bug	1	40	1	61	6144	1	0	1	6144	undefined
rockypayload	onModifySpA	Water	0	41	1	40	4096	0	0	1	4096	undefined
rockypayload	onModifySpA	Water	1	40	0	40	4096	0	1	1	4096	undefined
rockypayload	onModifySpA	Water	1	40	1	61	6144	1	0	1	6144	undefined
rockypayload	onModifySpA	Dragon	0	41	1	40	4096	0	0	1	4096	undefined
rockypayload	onModifySpA	Dragon	1	40	0	40	4096	0	1	1	4096	undefined
rockypayload	onModifySpA	Dragon	1	40	1	61	6144	1	0	1	6144	undefined
rockypayload	onModifySpA	Rock	0	41	1	40	4096	0	0	1	6144	undefined
rockypayload	onModifySpA	Rock	1	40	0	40	4096	0	1	1	6144	undefined
rockypayload	onModifySpA	Rock	1	40	1	61	6144	1	0	1	9216	undefined
rockypayload	onModifySpA	Electric	0	41	1	40	4096	0	0	1	4096	undefined
rockypayload	onModifySpA	Electric	1	40	0	40	4096	0	1	1	4096	undefined
rockypayload	onModifySpA	Electric	1	40	1	61	6144	1	0	1	6144	undefined
sharpness	onBasePower	Normal	0	41	1	40	4096	0	0	1	4096	undefined
sharpness	onBasePower	Normal	1	40	0	40	4096	0	1	1	6144	undefined
sharpness	onBasePower	Normal	1	40	1	61	6144	1	0	1	9216	undefined
sharpness	onBasePower	Fire	0	41	1	40	4096	0	0	1	4096	undefined
sharpness	onBasePower	Fire	1	40	0	40	4096	0	1	1	6144	undefined
sharpness	onBasePower	Fire	1	40	1	61	6144	1	0	1	9216	undefined
sharpness	onBasePower	Grass	0	41	1	40	4096	0	0	1	4096	undefined
sharpness	onBasePower	Grass	1	40	0	40	4096	0	1	1	6144	undefined
sharpness	onBasePower	Grass	1	40	1	61	6144	1	0	1	9216	undefined
sharpness	onBasePower	Bug	0	41	1	40	4096	0	0	1	4096	undefined
sharpness	onBasePower	Bug	1	40	0	40	4096	0	1	1	6144	undefined
sharpness	onBasePower	Bug	1	40	1	61	6144	1	0	1	9216	undefined
sharpness	onBasePower	Water	0	41	1	40	4096	0	0	1	4096	undefined
sharpness	onBasePower	Water	1	40	0	40	4096	0	1	1	6144	undefined
sharpness	onBasePower	Water	1	40	1	61	6144	1	0	1	9216	undefined
sharpness	onBasePower	Dragon	0	41	1	40	4096	0	0	1	4096	undefined
sharpness	onBasePower	Dragon	1	40	0	40	4096	0	1	1	6144	undefined
sharpness	onBasePower	Dragon	1	40	1	61	6144	1	0	1	9216	undefined
sharpness	onBasePower	Rock	0	41	1	40	4096	0	0	1	4096	undefined
sharpness	onBasePower	Rock	1	40	0	40	4096	0	1	1	6144	undefined
sharpness	onBasePower	Rock	1	40	1	61	6144	1	0	1	9216	undefined
sharpness	onBasePower	Electric	0	41	1	40	4096	0	0	1	4096	undefined
sharpness	onBasePower	Electric	1	40	0	40	4096	0	1	1	6144	undefined
sharpness	onBasePower	Electric	1	40	1	61	6144	1	0	1	9216	undefined
sheerforce	onBasePower	Normal	0	41	1	40	4096	0	0	1	4096	undefined
sheerforce	onBasePower	Normal	1	40	0	40	4096	0	1	1	4096	undefined
sheerforce	onBasePower	Normal	1	40	1	61	6144	1	0	1	6144	undefined
sheerforce	onBasePower	Fire	0	41	1	40	4096	0	0	1	4096	undefined
sheerforce	onBasePower	Fire	1	40	0	40	4096	0	1	1	4096	undefined
sheerforce	onBasePower	Fire	1	40	1	61	6144	1	0	1	6144	undefined
sheerforce	onBasePower	Grass	0	41	1	40	4096	0	0	1	4096	undefined
sheerforce	onBasePower	Grass	1	40	0	40	4096	0	1	1	4096	undefined
sheerforce	onBasePower	Grass	1	40	1	61	6144	1	0	1	6144	undefined
sheerforce	onBasePower	Bug	0	41	1	40	4096	0	0	1	4096	undefined
sheerforce	onBasePower	Bug	1	40	0	40	4096	0	1	1	4096	undefined
sheerforce	onBasePower	Bug	1	40	1	61	6144	1	0	1	6144	undefined
sheerforce	onBasePower	Water	0	41	1	40	4096	0	0	1	4096	undefined
sheerforce	onBasePower	Water	1	40	0	40	4096	0	1	1	4096	undefined
sheerforce	onBasePower	Water	1	40	1	61	6144	1	0	1	6144	undefined
sheerforce	onBasePower	Dragon	0	41	1	40	4096	0	0	1	4096	undefined
sheerforce	onBasePower	Dragon	1	40	0	40	4096	0	1	1	4096	undefined
sheerforce	onBasePower	Dragon	1	40	1	61	6144	1	0	1	6144	undefined
sheerforce	onBasePower	Rock	0	41	1	40	4096	0	0	1	4096	undefined
sheerforce	onBasePower	Rock	1	40	0	40	4096	0	1	1	4096	undefined
sheerforce	onBasePower	Rock	1	40	1	61	6144	1	0	1	6144	undefined
sheerforce	onBasePower	Electric	0	41	1	40	4096	0	0	1	4096	undefined
sheerforce	onBasePower	Electric	1	40	0	40	4096	0	1	1	4096	undefined
sheerforce	onBasePower	Electric	1	40	1	61	6144	1	0	1	6144	undefined
stakeout	onModifyAtk	Normal	0	41	1	40	4096	0	0	1	4096	undefined
stakeout	onModifyAtk	Normal	1	40	0	40	4096	0	1	1	8192	undefined
stakeout	onModifyAtk	Normal	1	40	1	61	6144	1	0	1	6144	undefined
stakeout	onModifyAtk	Fire	0	41	1	40	4096	0	0	1	4096	undefined
stakeout	onModifyAtk	Fire	1	40	0	40	4096	0	1	1	8192	undefined
stakeout	onModifyAtk	Fire	1	40	1	61	6144	1	0	1	6144	undefined
stakeout	onModifyAtk	Grass	0	41	1	40	4096	0	0	1	4096	undefined
stakeout	onModifyAtk	Grass	1	40	0	40	4096	0	1	1	8192	undefined
stakeout	onModifyAtk	Grass	1	40	1	61	6144	1	0	1	6144	undefined
stakeout	onModifyAtk	Bug	0	41	1	40	4096	0	0	1	4096	undefined
stakeout	onModifyAtk	Bug	1	40	0	40	4096	0	1	1	8192	undefined
stakeout	onModifyAtk	Bug	1	40	1	61	6144	1	0	1	6144	undefined
stakeout	onModifyAtk	Water	0	41	1	40	4096	0	0	1	4096	undefined
stakeout	onModifyAtk	Water	1	40	0	40	4096	0	1	1	8192	undefined
stakeout	onModifyAtk	Water	1	40	1	61	6144	1	0	1	6144	undefined
stakeout	onModifyAtk	Dragon	0	41	1	40	4096	0	0	1	4096	undefined
stakeout	onModifyAtk	Dragon	1	40	0	40	4096	0	1	1	8192	undefined
stakeout	onModifyAtk	Dragon	1	40	1	61	6144	1	0	1	6144	undefined
stakeout	onModifyAtk	Rock	0	41	1	40	4096	0	0	1	4096	undefined
stakeout	onModifyAtk	Rock	1	40	0	40	4096	0	1	1	8192	undefined
stakeout	onModifyAtk	Rock	1	40	1	61	6144	1	0	1	6144	undefined
stakeout	onModifyAtk	Electric	0	41	1	40	4096	0	0	1	4096	undefined
stakeout	onModifyAtk	Electric	1	40	0	40	4096	0	1	1	8192	undefined
stakeout	onModifyAtk	Electric	1	40	1	61	6144	1	0	1	6144	undefined
stakeout	onModifySpA	Normal	0	41	1	40	4096	0	0	1	4096	undefined
stakeout	onModifySpA	Normal	1	40	0	40	4096	0	1	1	8192	undefined
stakeout	onModifySpA	Normal	1	40	1	61	6144	1	0	1	6144	undefined
stakeout	onModifySpA	Fire	0	41	1	40	4096	0	0	1	4096	undefined
stakeout	onModifySpA	Fire	1	40	0	40	4096	0	1	1	8192	undefined
stakeout	onModifySpA	Fire	1	40	1	61	6144	1	0	1	6144	undefined
stakeout	onModifySpA	Grass	0	41	1	40	4096	0	0	1	4096	undefined
stakeout	onModifySpA	Grass	1	40	0	40	4096	0	1	1	8192	undefined
stakeout	onModifySpA	Grass	1	40	1	61	6144	1	0	1	6144	undefined
stakeout	onModifySpA	Bug	0	41	1	40	4096	0	0	1	4096	undefined
stakeout	onModifySpA	Bug	1	40	0	40	4096	0	1	1	8192	undefined
stakeout	onModifySpA	Bug	1	40	1	61	6144	1	0	1	6144	undefined
stakeout	onModifySpA	Water	0	41	1	40	4096	0	0	1	4096	undefined
stakeout	onModifySpA	Water	1	40	0	40	4096	0	1	1	8192	undefined
stakeout	onModifySpA	Water	1	40	1	61	6144	1	0	1	6144	undefined
stakeout	onModifySpA	Dragon	0	41	1	40	4096	0	0	1	4096	undefined
stakeout	onModifySpA	Dragon	1	40	0	40	4096	0	1	1	8192	undefined
stakeout	onModifySpA	Dragon	1	40	1	61	6144	1	0	1	6144	undefined
stakeout	onModifySpA	Rock	0	41	1	40	4096	0	0	1	4096	undefined
stakeout	onModifySpA	Rock	1	40	0	40	4096	0	1	1	8192	undefined
stakeout	onModifySpA	Rock	1	40	1	61	6144	1	0	1	6144	undefined
stakeout	onModifySpA	Electric	0	41	1	40	4096	0	0	1	4096	undefined
stakeout	onModifySpA	Electric	1	40	0	40	4096	0	1	1	8192	undefined
stakeout	onModifySpA	Electric	1	40	1	61	6144	1	0	1	6144	undefined
strongjaw	onBasePower	Normal	0	41	1	40	4096	0	0	1	4096	undefined
strongjaw	onBasePower	Normal	1	40	0	40	4096	0	1	1	6144	undefined
strongjaw	onBasePower	Normal	1	40	1	61	6144	1	0	1	9216	undefined
strongjaw	onBasePower	Fire	0	41	1	40	4096	0	0	1	4096	undefined
strongjaw	onBasePower	Fire	1	40	0	40	4096	0	1	1	6144	undefined
strongjaw	onBasePower	Fire	1	40	1	61	6144	1	0	1	9216	undefined
strongjaw	onBasePower	Grass	0	41	1	40	4096	0	0	1	4096	undefined
strongjaw	onBasePower	Grass	1	40	0	40	4096	0	1	1	6144	undefined
strongjaw	onBasePower	Grass	1	40	1	61	6144	1	0	1	9216	undefined
strongjaw	onBasePower	Bug	0	41	1	40	4096	0	0	1	4096	undefined
strongjaw	onBasePower	Bug	1	40	0	40	4096	0	1	1	6144	undefined
strongjaw	onBasePower	Bug	1	40	1	61	6144	1	0	1	9216	undefined
strongjaw	onBasePower	Water	0	41	1	40	4096	0	0	1	4096	undefined
strongjaw	onBasePower	Water	1	40	0	40	4096	0	1	1	6144	undefined
strongjaw	onBasePower	Water	1	40	1	61	6144	1	0	1	9216	undefined
strongjaw	onBasePower	Dragon	0	41	1	40	4096	0	0	1	4096	undefined
strongjaw	onBasePower	Dragon	1	40	0	40	4096	0	1	1	6144	undefined
strongjaw	onBasePower	Dragon	1	40	1	61	6144	1	0	1	9216	undefined
strongjaw	onBasePower	Rock	0	41	1	40	4096	0	0	1	4096	undefined
strongjaw	onBasePower	Rock	1	40	0	40	4096	0	1	1	6144	undefined
strongjaw	onBasePower	Rock	1	40	1	61	6144	1	0	1	9216	undefined
strongjaw	onBasePower	Electric	0	41	1	40	4096	0	0	1	4096	undefined
strongjaw	onBasePower	Electric	1	40	0	40	4096	0	1	1	6144	undefined
strongjaw	onBasePower	Electric	1	40	1	61	6144	1	0	1	9216	undefined
swarm	onModifyAtk	Normal	0	41	1	40	4096	0	0	1	4096	undefined
swarm	onModifyAtk	Normal	1	40	0	40	4096	0	1	1	4096	undefined
swarm	onModifyAtk	Normal	1	40	1	61	6144	1	0	1	6144	undefined
swarm	onModifyAtk	Fire	0	41	1	40	4096	0	0	1	4096	undefined
swarm	onModifyAtk	Fire	1	40	0	40	4096	0	1	1	4096	undefined
swarm	onModifyAtk	Fire	1	40	1	61	6144	1	0	1	6144	undefined
swarm	onModifyAtk	Grass	0	41	1	40	4096	0	0	1	4096	undefined
swarm	onModifyAtk	Grass	1	40	0	40	4096	0	1	1	4096	undefined
swarm	onModifyAtk	Grass	1	40	1	61	6144	1	0	1	6144	undefined
swarm	onModifyAtk	Bug	0	41	1	40	4096	0	0	1	4096	undefined
swarm	onModifyAtk	Bug	1	40	0	40	4096	0	1	1	6144	undefined
swarm	onModifyAtk	Bug	1	40	1	61	6144	1	0	1	9216	undefined
swarm	onModifyAtk	Water	0	41	1	40	4096	0	0	1	4096	undefined
swarm	onModifyAtk	Water	1	40	0	40	4096	0	1	1	4096	undefined
swarm	onModifyAtk	Water	1	40	1	61	6144	1	0	1	6144	undefined
swarm	onModifyAtk	Dragon	0	41	1	40	4096	0	0	1	4096	undefined
swarm	onModifyAtk	Dragon	1	40	0	40	4096	0	1	1	4096	undefined
swarm	onModifyAtk	Dragon	1	40	1	61	6144	1	0	1	6144	undefined
swarm	onModifyAtk	Rock	0	41	1	40	4096	0	0	1	4096	undefined
swarm	onModifyAtk	Rock	1	40	0	40	4096	0	1	1	4096	undefined
swarm	onModifyAtk	Rock	1	40	1	61	6144	1	0	1	6144	undefined
swarm	onModifyAtk	Electric	0	41	1	40	4096	0	0	1	4096	undefined
swarm	onModifyAtk	Electric	1	40	0	40	4096	0	1	1	4096	undefined
swarm	onModifyAtk	Electric	1	40	1	61	6144	1	0	1	6144	undefined
swarm	onModifySpA	Normal	0	41	1	40	4096	0	0	1	4096	undefined
swarm	onModifySpA	Normal	1	40	0	40	4096	0	1	1	4096	undefined
swarm	onModifySpA	Normal	1	40	1	61	6144	1	0	1	6144	undefined
swarm	onModifySpA	Fire	0	41	1	40	4096	0	0	1	4096	undefined
swarm	onModifySpA	Fire	1	40	0	40	4096	0	1	1	4096	undefined
swarm	onModifySpA	Fire	1	40	1	61	6144	1	0	1	6144	undefined
swarm	onModifySpA	Grass	0	41	1	40	4096	0	0	1	4096	undefined
swarm	onModifySpA	Grass	1	40	0	40	4096	0	1	1	4096	undefined
swarm	onModifySpA	Grass	1	40	1	61	6144	1	0	1	6144	undefined
swarm	onModifySpA	Bug	0	41	1	40	4096	0	0	1	4096	undefined
swarm	onModifySpA	Bug	1	40	0	40	4096	0	1	1	6144	undefined
swarm	onModifySpA	Bug	1	40	1	61	6144	1	0	1	9216	undefined
swarm	onModifySpA	Water	0	41	1	40	4096	0	0	1	4096	undefined
swarm	onModifySpA	Water	1	40	0	40	4096	0	1	1	4096	undefined
swarm	onModifySpA	Water	1	40	1	61	6144	1	0	1	6144	undefined
swarm	onModifySpA	Dragon	0	41	1	40	4096	0	0	1	4096	undefined
swarm	onModifySpA	Dragon	1	40	0	40	4096	0	1	1	4096	undefined
swarm	onModifySpA	Dragon	1	40	1	61	6144	1	0	1	6144	undefined
swarm	onModifySpA	Rock	0	41	1	40	4096	0	0	1	4096	undefined
swarm	onModifySpA	Rock	1	40	0	40	4096	0	1	1	4096	undefined
swarm	onModifySpA	Rock	1	40	1	61	6144	1	0	1	6144	undefined
swarm	onModifySpA	Electric	0	41	1	40	4096	0	0	1	4096	undefined
swarm	onModifySpA	Electric	1	40	0	40	4096	0	1	1	4096	undefined
swarm	onModifySpA	Electric	1	40	1	61	6144	1	0	1	6144	undefined
technician	onBasePower	Normal	0	41	1	40	4096	0	0	1	6144	undefined
technician	onBasePower	Normal	1	40	0	40	4096	0	1	1	6144	undefined
technician	onBasePower	Normal	1	40	1	61	6144	1	0	1	6144	undefined
technician	onBasePower	Fire	0	41	1	40	4096	0	0	1	6144	undefined
technician	onBasePower	Fire	1	40	0	40	4096	0	1	1	6144	undefined
technician	onBasePower	Fire	1	40	1	61	6144	1	0	1	6144	undefined
technician	onBasePower	Grass	0	41	1	40	4096	0	0	1	6144	undefined
technician	onBasePower	Grass	1	40	0	40	4096	0	1	1	6144	undefined
technician	onBasePower	Grass	1	40	1	61	6144	1	0	1	6144	undefined
technician	onBasePower	Bug	0	41	1	40	4096	0	0	1	6144	undefined
technician	onBasePower	Bug	1	40	0	40	4096	0	1	1	6144	undefined
technician	onBasePower	Bug	1	40	1	61	6144	1	0	1	6144	undefined
technician	onBasePower	Water	0	41	1	40	4096	0	0	1	6144	undefined
technician	onBasePower	Water	1	40	0	40	4096	0	1	1	6144	undefined
technician	onBasePower	Water	1	40	1	61	6144	1	0	1	6144	undefined
technician	onBasePower	Dragon	0	41	1	40	4096	0	0	1	6144	undefined
technician	onBasePower	Dragon	1	40	0	40	4096	0	1	1	6144	undefined
technician	onBasePower	Dragon	1	40	1	61	6144	1	0	1	6144	undefined
technician	onBasePower	Rock	0	41	1	40	4096	0	0	1	6144	undefined
technician	onBasePower	Rock	1	40	0	40	4096	0	1	1	6144	undefined
technician	onBasePower	Rock	1	40	1	61	6144	1	0	1	6144	undefined
technician	onBasePower	Electric	0	41	1	40	4096	0	0	1	6144	undefined
technician	onBasePower	Electric	1	40	0	40	4096	0	1	1	6144	undefined
technician	onBasePower	Electric	1	40	1	61	6144	1	0	1	6144	undefined
torrent	onModifyAtk	Normal	0	41	1	40	4096	0	0	1	4096	undefined
torrent	onModifyAtk	Normal	1	40	0	40	4096	0	1	1	4096	undefined
torrent	onModifyAtk	Normal	1	40	1	61	6144	1	0	1	6144	undefined
torrent	onModifyAtk	Fire	0	41	1	40	4096	0	0	1	4096	undefined
torrent	onModifyAtk	Fire	1	40	0	40	4096	0	1	1	4096	undefined
torrent	onModifyAtk	Fire	1	40	1	61	6144	1	0	1	6144	undefined
torrent	onModifyAtk	Grass	0	41	1	40	4096	0	0	1	4096	undefined
torrent	onModifyAtk	Grass	1	40	0	40	4096	0	1	1	4096	undefined
torrent	onModifyAtk	Grass	1	40	1	61	6144	1	0	1	6144	undefined
torrent	onModifyAtk	Bug	0	41	1	40	4096	0	0	1	4096	undefined
torrent	onModifyAtk	Bug	1	40	0	40	4096	0	1	1	4096	undefined
torrent	onModifyAtk	Bug	1	40	1	61	6144	1	0	1	6144	undefined
torrent	onModifyAtk	Water	0	41	1	40	4096	0	0	1	4096	undefined
torrent	onModifyAtk	Water	1	40	0	40	4096	0	1	1	6144	undefined
torrent	onModifyAtk	Water	1	40	1	61	6144	1	0	1	9216	undefined
torrent	onModifyAtk	Dragon	0	41	1	40	4096	0	0	1	4096	undefined
torrent	onModifyAtk	Dragon	1	40	0	40	4096	0	1	1	4096	undefined
torrent	onModifyAtk	Dragon	1	40	1	61	6144	1	0	1	6144	undefined
torrent	onModifyAtk	Rock	0	41	1	40	4096	0	0	1	4096	undefined
torrent	onModifyAtk	Rock	1	40	0	40	4096	0	1	1	4096	undefined
torrent	onModifyAtk	Rock	1	40	1	61	6144	1	0	1	6144	undefined
torrent	onModifyAtk	Electric	0	41	1	40	4096	0	0	1	4096	undefined
torrent	onModifyAtk	Electric	1	40	0	40	4096	0	1	1	4096	undefined
torrent	onModifyAtk	Electric	1	40	1	61	6144	1	0	1	6144	undefined
torrent	onModifySpA	Normal	0	41	1	40	4096	0	0	1	4096	undefined
torrent	onModifySpA	Normal	1	40	0	40	4096	0	1	1	4096	undefined
torrent	onModifySpA	Normal	1	40	1	61	6144	1	0	1	6144	undefined
torrent	onModifySpA	Fire	0	41	1	40	4096	0	0	1	4096	undefined
torrent	onModifySpA	Fire	1	40	0	40	4096	0	1	1	4096	undefined
torrent	onModifySpA	Fire	1	40	1	61	6144	1	0	1	6144	undefined
torrent	onModifySpA	Grass	0	41	1	40	4096	0	0	1	4096	undefined
torrent	onModifySpA	Grass	1	40	0	40	4096	0	1	1	4096	undefined
torrent	onModifySpA	Grass	1	40	1	61	6144	1	0	1	6144	undefined
torrent	onModifySpA	Bug	0	41	1	40	4096	0	0	1	4096	undefined
torrent	onModifySpA	Bug	1	40	0	40	4096	0	1	1	4096	undefined
torrent	onModifySpA	Bug	1	40	1	61	6144	1	0	1	6144	undefined
torrent	onModifySpA	Water	0	41	1	40	4096	0	0	1	4096	undefined
torrent	onModifySpA	Water	1	40	0	40	4096	0	1	1	6144	undefined
torrent	onModifySpA	Water	1	40	1	61	6144	1	0	1	9216	undefined
torrent	onModifySpA	Dragon	0	41	1	40	4096	0	0	1	4096	undefined
torrent	onModifySpA	Dragon	1	40	0	40	4096	0	1	1	4096	undefined
torrent	onModifySpA	Dragon	1	40	1	61	6144	1	0	1	6144	undefined
torrent	onModifySpA	Rock	0	41	1	40	4096	0	0	1	4096	undefined
torrent	onModifySpA	Rock	1	40	0	40	4096	0	1	1	4096	undefined
torrent	onModifySpA	Rock	1	40	1	61	6144	1	0	1	6144	undefined
torrent	onModifySpA	Electric	0	41	1	40	4096	0	0	1	4096	undefined
torrent	onModifySpA	Electric	1	40	0	40	4096	0	1	1	4096	undefined
torrent	onModifySpA	Electric	1	40	1	61	6144	1	0	1	6144	undefined
toughclaws	onBasePower	Normal	0	41	1	40	4096	0	0	1	4096	undefined
toughclaws	onBasePower	Normal	1	40	0	40	4096	0	1	1	5325	undefined
toughclaws	onBasePower	Normal	1	40	1	61	6144	1	0	1	7988	undefined
toughclaws	onBasePower	Fire	0	41	1	40	4096	0	0	1	4096	undefined
toughclaws	onBasePower	Fire	1	40	0	40	4096	0	1	1	5325	undefined
toughclaws	onBasePower	Fire	1	40	1	61	6144	1	0	1	7988	undefined
toughclaws	onBasePower	Grass	0	41	1	40	4096	0	0	1	4096	undefined
toughclaws	onBasePower	Grass	1	40	0	40	4096	0	1	1	5325	undefined
toughclaws	onBasePower	Grass	1	40	1	61	6144	1	0	1	7988	undefined
toughclaws	onBasePower	Bug	0	41	1	40	4096	0	0	1	4096	undefined
toughclaws	onBasePower	Bug	1	40	0	40	4096	0	1	1	5325	undefined
toughclaws	onBasePower	Bug	1	40	1	61	6144	1	0	1	7988	undefined
toughclaws	onBasePower	Water	0	41	1	40	4096	0	0	1	4096	undefined
toughclaws	onBasePower	Water	1	40	0	40	4096	0	1	1	5325	undefined
toughclaws	onBasePower	Water	1	40	1	61	6144	1	0	1	7988	undefined
toughclaws	onBasePower	Dragon	0	41	1	40	4096	0	0	1	4096	undefined
toughclaws	onBasePower	Dragon	1	40	0	40	4096	0	1	1	5325	undefined
toughclaws	onBasePower	Dragon	1	40	1	61	6144	1	0	1	7988	undefined
toughclaws	onBasePower	Rock	0	41	1	40	4096	0	0	1	4096	undefined
toughclaws	onBasePower	Rock	1	40	0	40	4096	0	1	1	5325	undefined
toughclaws	onBasePower	Rock	1	40	1	61	6144	1	0	1	7988	undefined
toughclaws	onBasePower	Electric	0	41	1	40	4096	0	0	1	4096	undefined
toughclaws	onBasePower	Electric	1	40	0	40	4096	0	1	1	5325	undefined
toughclaws	onBasePower	Electric	1	40	1	61	6144	1	0	1	7988	undefined
toxicboost	onBasePower	Normal	0	41	1	40	4096	0	0	1	6144	undefined
toxicboost	onBasePower	Normal	1	40	0	40	4096	0	1	1	6144	undefined
toxicboost	onBasePower	Normal	1	40	1	61	6144	1	0	1	9216	undefined
toxicboost	onBasePower	Fire	0	41	1	40	4096	0	0	1	6144	undefined
toxicboost	onBasePower	Fire	1	40	0	40	4096	0	1	1	6144	undefined
toxicboost	onBasePower	Fire	1	40	1	61	6144	1	0	1	9216	undefined
toxicboost	onBasePower	Grass	0	41	1	40	4096	0	0	1	6144	undefined
toxicboost	onBasePower	Grass	1	40	0	40	4096	0	1	1	6144	undefined
toxicboost	onBasePower	Grass	1	40	1	61	6144	1	0	1	9216	undefined
toxicboost	onBasePower	Bug	0	41	1	40	4096	0	0	1	6144	undefined
toxicboost	onBasePower	Bug	1	40	0	40	4096	0	1	1	6144	undefined
toxicboost	onBasePower	Bug	1	40	1	61	6144	1	0	1	9216	undefined
toxicboost	onBasePower	Water	0	41	1	40	4096	0	0	1	6144	undefined
toxicboost	onBasePower	Water	1	40	0	40	4096	0	1	1	6144	undefined
toxicboost	onBasePower	Water	1	40	1	61	6144	1	0	1	9216	undefined
toxicboost	onBasePower	Dragon	0	41	1	40	4096	0	0	1	6144	undefined
toxicboost	onBasePower	Dragon	1	40	0	40	4096	0	1	1	6144	undefined
toxicboost	onBasePower	Dragon	1	40	1	61	6144	1	0	1	9216	undefined
toxicboost	onBasePower	Rock	0	41	1	40	4096	0	0	1	6144	undefined
toxicboost	onBasePower	Rock	1	40	0	40	4096	0	1	1	6144	undefined
toxicboost	onBasePower	Rock	1	40	1	61	6144	1	0	1	9216	undefined
toxicboost	onBasePower	Electric	0	41	1	40	4096	0	0	1	6144	undefined
toxicboost	onBasePower	Electric	1	40	0	40	4096	0	1	1	6144	undefined
toxicboost	onBasePower	Electric	1	40	1	61	6144	1	0	1	9216	undefined
transistor	onModifyAtk	Normal	0	41	1	40	4096	0	0	1	4096	undefined
transistor	onModifyAtk	Normal	1	40	0	40	4096	0	1	1	4096	undefined
transistor	onModifyAtk	Normal	1	40	1	61	6144	1	0	1	6144	undefined
transistor	onModifyAtk	Fire	0	41	1	40	4096	0	0	1	4096	undefined
transistor	onModifyAtk	Fire	1	40	0	40	4096	0	1	1	4096	undefined
transistor	onModifyAtk	Fire	1	40	1	61	6144	1	0	1	6144	undefined
transistor	onModifyAtk	Grass	0	41	1	40	4096	0	0	1	4096	undefined
transistor	onModifyAtk	Grass	1	40	0	40	4096	0	1	1	4096	undefined
transistor	onModifyAtk	Grass	1	40	1	61	6144	1	0	1	6144	undefined
transistor	onModifyAtk	Bug	0	41	1	40	4096	0	0	1	4096	undefined
transistor	onModifyAtk	Bug	1	40	0	40	4096	0	1	1	4096	undefined
transistor	onModifyAtk	Bug	1	40	1	61	6144	1	0	1	6144	undefined
transistor	onModifyAtk	Water	0	41	1	40	4096	0	0	1	4096	undefined
transistor	onModifyAtk	Water	1	40	0	40	4096	0	1	1	4096	undefined
transistor	onModifyAtk	Water	1	40	1	61	6144	1	0	1	6144	undefined
transistor	onModifyAtk	Dragon	0	41	1	40	4096	0	0	1	4096	undefined
transistor	onModifyAtk	Dragon	1	40	0	40	4096	0	1	1	4096	undefined
transistor	onModifyAtk	Dragon	1	40	1	61	6144	1	0	1	6144	undefined
transistor	onModifyAtk	Rock	0	41	1	40	4096	0	0	1	4096	undefined
transistor	onModifyAtk	Rock	1	40	0	40	4096	0	1	1	4096	undefined
transistor	onModifyAtk	Rock	1	40	1	61	6144	1	0	1	6144	undefined
transistor	onModifyAtk	Electric	0	41	1	40	4096	0	0	1	5325	undefined
transistor	onModifyAtk	Electric	1	40	0	40	4096	0	1	1	5325	undefined
transistor	onModifyAtk	Electric	1	40	1	61	6144	1	0	1	7988	undefined
transistor	onModifySpA	Normal	0	41	1	40	4096	0	0	1	4096	undefined
transistor	onModifySpA	Normal	1	40	0	40	4096	0	1	1	4096	undefined
transistor	onModifySpA	Normal	1	40	1	61	6144	1	0	1	6144	undefined
transistor	onModifySpA	Fire	0	41	1	40	4096	0	0	1	4096	undefined
transistor	onModifySpA	Fire	1	40	0	40	4096	0	1	1	4096	undefined
transistor	onModifySpA	Fire	1	40	1	61	6144	1	0	1	6144	undefined
transistor	onModifySpA	Grass	0	41	1	40	4096	0	0	1	4096	undefined
transistor	onModifySpA	Grass	1	40	0	40	4096	0	1	1	4096	undefined
transistor	onModifySpA	Grass	1	40	1	61	6144	1	0	1	6144	undefined
transistor	onModifySpA	Bug	0	41	1	40	4096	0	0	1	4096	undefined
transistor	onModifySpA	Bug	1	40	0	40	4096	0	1	1	4096	undefined
transistor	onModifySpA	Bug	1	40	1	61	6144	1	0	1	6144	undefined
transistor	onModifySpA	Water	0	41	1	40	4096	0	0	1	4096	undefined
transistor	onModifySpA	Water	1	40	0	40	4096	0	1	1	4096	undefined
transistor	onModifySpA	Water	1	40	1	61	6144	1	0	1	6144	undefined
transistor	onModifySpA	Dragon	0	41	1	40	4096	0	0	1	4096	undefined
transistor	onModifySpA	Dragon	1	40	0	40	4096	0	1	1	4096	undefined
transistor	onModifySpA	Dragon	1	40	1	61	6144	1	0	1	6144	undefined
transistor	onModifySpA	Rock	0	41	1	40	4096	0	0	1	4096	undefined
transistor	onModifySpA	Rock	1	40	0	40	4096	0	1	1	4096	undefined
transistor	onModifySpA	Rock	1	40	1	61	6144	1	0	1	6144	undefined
transistor	onModifySpA	Electric	0	41	1	40	4096	0	0	1	5325	undefined
transistor	onModifySpA	Electric	1	40	0	40	4096	0	1	1	5325	undefined
transistor	onModifySpA	Electric	1	40	1	61	6144	1	0	1	7988	undefined
